head,tail,relation,score
pip方式,MindSpore Ascend,安装,0.9910195469856262
pip方式,910,版本,0.9929637908935547
MindSpore Ascend,910,版本,0.9973664879798889
pip方式,MindSpore,安装,0.9910436868667603
pip方式,Ascend,安装,0.9910701513290405
pip方式,91,版本,0.9936529397964478
pip方式,mindspore-ascend,安装,0.9908728003501892
pip方式,910,版本,0.9947245717048645
pip方式,版本,安装,0.9479550719261169
MindSpore,Ascend,安装,0.990237295627594
MindSpore,91,版本,0.9973766803741455
MindSpore,mindspore-ascend,安装,0.989319920539856
MindSpore,910,版本,0.9973861575126648
Ascend,91,版本,0.9973739385604858
Ascend,mindspore-ascend,安装,0.9872121214866638
Ascend,910,版本,0.997386634349823
Ascend,版本,使用安装,0.9015669226646423
91,mindspore-ascend,版本,0.9973445534706116
91,910,版本,0.9973405003547668
91,版本,版本,0.9848713278770447
mindspore-ascend,910,版本,0.9973760843276978
910,版本,版本,0.9881177544593811
Open MPI,open-mpi-,工具安装,0.9931366443634033
MindSpore,版本,使用安装,0.9925893545150757
版本,mindspore,使用安装,0.9913382530212402
https://gitee.com/mindspore/docs/blob/r1.7/install/mindspore_ascend_install_pip.md,https://mindspore-website.obs.cn-north-4.myhuaweicloud.com/website-images/r1.7/resource/_static/logo_source.png,使用参考,0.8366251587867737
Ascend,910,版本,0.9973956346511841
Ascend,Linux,上面安装,0.9817419648170471
Ascend,MindSpore,上面安装,0.9613814353942871
910,Linux,版本,0.9956367611885071
910,pip方式,版本,0.9963170289993286
910,MindSpore,版本,0.9974135756492615
Linux,MindSpore,上面安装,0.9808370471000671
pip方式,MindSpore,安装,0.98868727684021
昇腾AI处理器配套软件包,EulerOS 2.8,上面安装,0.9894096851348877
昇腾AI处理器配套软件包,pip,工具安装,0.9839116334915161
昇腾AI处理器配套软件包,MindSpore,工具安装,0.9854108095169067
昇腾AI处理器配套软件包,脚本,使用安装,0.9897632598876953
昇腾AI处理器配套软件包,依赖,使用安装,0.9887856245040894
EulerOS 2.8,pip,上面安装,0.9722071886062622
EulerOS 2.8,MindSpore,上面安装,0.9701831340789795
EulerOS 2.8,脚本,使用安装,0.8048324584960938
EulerOS 2.8,依赖,使用安装,0.8813725709915161
pip,MindSpore,工具安装,0.9899013042449951
pip,脚本,使用安装,0.9898728132247925
pip,https://gitee.com/mindspore/mindspore/raw/r1.7/scripts/install/euleros-ascend-pip.sh,使用参考,0.8677883744239807
pip,依赖,使用安装,0.9903172254562378
MindSpore,脚本,使用安装,0.991999626159668
MindSpore,https://gitee.com/mindspore/mindspore/raw/r1.7/scripts/install/euleros-ascend-pip.sh,使用参考,0.8624652624130249
MindSpore,依赖,使用安装,0.9916403293609619
脚本,https://gitee.com/mindspore/mindspore/raw/r1.7/scripts/install/euleros-ascend-pip.sh,详情参考,0.9882273077964783
https://gitee.com/mindspore/mindspore/raw/r1.7/scripts/install/euleros-ascend-pip.sh,依赖,详情参考,0.9823144674301147
系统,Python,使用安装,0.9912450909614563
系统,GCC,使用安装,0.9921100735664368
Ubuntu 18.04,CentOS 7.6,上面安装,0.9878717660903931
Ubuntu 18.04,OpenEuler 20.03,上面安装,0.9887806177139282
Ubuntu 18.04,KylinV10 SP1,上面安装,0.9898247122764587
Ubuntu 18.04,Python,上面安装,0.9905576705932617
Ubuntu 18.04,GCC,上面安装,0.9906231760978699
CentOS 7.6,OpenEuler 20.03,上面安装,0.9879565834999084
CentOS 7.6,KylinV10 SP1,上面安装,0.9894217848777771
CentOS 7.6,Python,上面安装,0.9904386401176453
CentOS 7.6,GCC,上面安装,0.990529477596283
OpenEuler 20.03,KylinV10 SP1,上面安装,0.9891531467437744
OpenEuler 20.03,Python,上面安装,0.9902856945991516
OpenEuler 20.03,GCC,上面安装,0.9903051853179932
KylinV10 SP1,Python,上面安装,0.9901896119117737
KylinV10 SP1,GCC,上面安装,0.9901424646377563
依赖,Python,使用安装,0.9896895885467529
依赖,GCC,使用安装,0.9906512498855591
Python,GCC,上面安装,0.9855253100395203
脚本,昇腾AI处理器配套软件包,使用安装,0.9918145537376404
脚本,昇腾ai处理器配套软件包,使用安装,0.9915487170219421
系统,昇腾AI处理器配套软件包,使用安装,0.9910473227500916
系统,昇腾ai处理器配套软件包,使用安装,0.9908177852630615
命令,脚本,创建或使用关联,0.9901710152626038
命令,MindSpore,使用安装,0.9932460784912109
命令,1.6.0,版本,0.9355500936508179
脚本,MindSpore,使用安装,0.993177056312561
脚本,1.6.0,版本,0.9627906084060669
MindSpore,1.6.0,版本,0.9973816275596619
wge,"https://gitee.com/mindspore/mindspore/raw/r1.7/scripts/install/euleros-ascend-pip.sh
",编译安装,0.957791805267334
MindSpore,1.7.0,版本,0.9973840117454529
MindSpore,Python ,工具安装,0.9905084371566772
MindSpore,3.7,版本,0.9973729848861694
1.7.0,Python ,版本,0.9973964691162109
1.7.0,3.7,版本,0.9973260164260864
Python ,3.7,版本,0.9973800778388977
Python,MindSpore,工具安装,0.9923787117004395
Python,版本,使用安装,0.9931043982505798
Python,3.9,版本,0.9973958730697632
Python,1.6.0,版本,0.9973922967910767
MindSpore,版本,使用安装,0.9931714534759521
MindSpore,3.9,版本,0.9973989725112915
MindSpore,1.6.0,版本,0.997394323348999
版本,3.9,版本,0.8548890352249146
3.9,1.6.0,版本,0.9973537921905518
MindSpore,依赖,使用安装,0.9933506846427917
MindSpore,GCC,工具安装,0.9931465983390808
MindSpore,gmp,工具安装,0.9931036829948425
依赖,GCC,使用安装,0.9933265447616577
依赖,gmp,使用安装,0.9933439493179321
GCC,gmp,工具安装,0.9930967688560486
APT,Python,安装,0.9489433765411377
APT,pip3,安装,0.9818277955055237
Python,pip3,工具安装,0.9930421113967896
pip,MindSpore,工具安装,0.992965579032898
pip,Ascend,工具安装,0.9929298758506775
pip,版本,使用安装,0.9929060935974121
MindSpore,Ascend,工具安装,0.9929690957069397
MindSpore,版本,使用安装,0.9927654266357422
Ascend,版本,使用安装,0.990846574306488
OPENMPI,Open MPI,工具安装,0.9932030439376831
脚本,终端窗口,创建或使用关联,0.9900667667388916
脚本,环境变量,创建或使用关联,0.9909701347351074
终端窗口,环境变量,创建或使用关联,0.991520345211029
脚本,MindSpore,使用安装,0.9930304884910583
脚本,虚拟环境,创建或使用关联,0.991418719291687
脚本,Python,使用安装,0.9930174350738525
脚本,版本,创建或使用关联,0.9892467856407166
脚本,3.7,版本,0.9374644160270691
脚本,命令,创建或使用关联,0.9883816838264465
MindSpore,虚拟环境,使用安装,0.8988462686538696
MindSpore,Python,工具安装,0.9847571849822998
MindSpore,版本,使用安装,0.9848840236663818
MindSpore,3.7,版本,0.9972671270370483
MindSpore,命令,使用安装,0.9821198582649231
虚拟环境,Python,使用安装,0.9904223680496216
虚拟环境,版本,创建或使用关联,0.9899755120277405
虚拟环境,3.7,版本,0.8326594829559326
虚拟环境,命令,创建或使用关联,0.9902999401092529
Python,版本,使用安装,0.9909842014312744
Python,3.7,版本,0.9972726702690125
Python,命令,使用安装,0.9899849891662598
版本,3.7,版本,0.9324435591697693
版本,命令,创建或使用关联,0.9885517358779907
Python,3.7,版本,0.9973363280296326
Python,命令,使用安装,0.9906925559043884
Python,虚拟环境,使用安装,0.9734111428260803
3.7,命令,版本,0.8482497930526733
命令,虚拟环境,创建或使用关联,0.9916331768035889
MindSpore,系统环境,使用安装,0.9894931316375732
MindSpore,依赖,使用安装,0.9931558966636658
系统环境,依赖,创建或使用关联,0.9903483390808105
软件名称,版本,创建或使用关联,0.989840030670166
Ubuntu 18.04,CentOS 7.6,上面安装,0.9854873418807983
Ubuntu 18.04,EulerOS 2.8,上面安装,0.9858621954917908
Ubuntu 18.04,OpenEuler 20.03,上面安装,0.9871234893798828
Ubuntu 18.04,KylinV10 SP1,上面安装,0.9856505990028381
Ubuntu 18.04,编译运行M,上面安装,0.985270082950592
Ubuntu 18.04,re,上面安装,0.9908357858657837
CentOS 7.6,EulerOS 2.8,上面安装,0.9851189255714417
CentOS 7.6,OpenEuler 20.03,上面安装,0.9860858917236328
CentOS 7.6,KylinV10 SP1,上面安装,0.9847890138626099
CentOS 7.6,编译运行M,上面安装,0.9842169284820557
CentOS 7.6,re,上面安装,0.9907445311546326
EulerOS 2.8,OpenEuler 20.03,上面安装,0.9857693314552307
EulerOS 2.8,KylinV10 SP1,上面安装,0.9848783612251282
EulerOS 2.8,编译运行M,上面安装,0.9841790795326233
EulerOS 2.8,re,上面安装,0.9907712936401367
OpenEuler 20.03,KylinV10 SP1,上面安装,0.984751284122467
OpenEuler 20.03,编译运行M,上面安装,0.9841597676277161
OpenEuler 20.03,re,上面安装,0.991004467010498
KylinV10 SP1,编译运行M,上面安装,0.9837802052497864
KylinV10 SP1,re,上面安装,0.9907653331756592
编译运行M,re,上面安装,0.9836318492889404
Python,3.7-3.9,版本,0.99737548828125
Python,MindSpore,工具安装,0.9931024312973022
Python,依赖,使用安装,0.9923417568206787
Python,环境,使用安装,0.9899895191192627
python,3.7-3.9,版本,0.9973837733268738
python,MindSpore,工具安装,0.9929487705230713
python,依赖,使用安装,0.9820550084114075
python,环境,使用安装,0.9762617349624634
3.7-3.9,MindSpore,版本,0.9974057078361511
3.7-3.9,依赖,版本,0.9542754292488098
3.7-3.9,环境,版本,0.9495054483413696
MindSpore,依赖,使用安装,0.992510199546814
MindSpore,环境,使用安装,0.990301251411438
依赖,环境,创建或使用关联,0.9906358122825623
昇腾AI处理器配套软件包,MindSpore,工具安装,0.9930074214935303
昇腾AI处理器配套软件包,Ascend,工具安装,0.9929941296577454
昇腾AI处理器配套软件包,AI计算库,使用安装,0.9920139908790588
昇腾ai处理器配套软件包,MindSpore,工具安装,0.9930235147476196
昇腾ai处理器配套软件包,Ascend,工具安装,0.9930118918418884
昇腾ai处理器配套软件包,AI计算库,使用安装,0.9921414852142334
MindSpore,Ascend,工具安装,0.9930275082588196
MindSpore,AI计算库,使用安装,0.9922569990158081
Ascend,AI计算库,使用安装,0.9920958876609802
GCC,7.3.0,版本,0.9973946809768677
GCC,MindSpore,工具安装,0.993266224861145
GCC,C++,工具安装,0.9930533766746521
gcc,7.3.0,版本,0.9974061846733093
gcc,MindSpore,工具安装,0.992938756942749
gcc,C++,工具安装,0.9927202463150024
7.3.0,MindSpore,版本,0.9973961114883423
7.3.0,C++,版本,0.9973933696746826
MindSpore,C++,工具安装,0.9929960370063782
gmp,6.1.2,版本,0.9973853230476379
gmp,MindSpore,工具安装,0.9931736588478088
gmp,多精度算术库,使用安装,0.9931674599647522
6.1.2,MindSpore,版本,0.9973980188369751
6.1.2,多精度算术库,版本,0.9665809273719788
MindSpore,多精度算术库,使用安装,0.9933019876480103
Open MPI,open-mpi,工具安装,0.9929091930389404
Open MPI,4.0.3,版本,0.9973911046981812
Open MPI,MindSpore,工具安装,0.9929982423782349
Open MPI,高性能消息传递库,使用安装,0.9932327270507812
Open MPI,单机多卡,使用安装,0.9933668971061707
Open MPI,多机多卡,使用安装,0.9932165741920471
open-mpi,4.0.3,版本,0.9973975419998169
open-mpi,MindSpore,工具安装,0.9928659200668335
open-mpi,高性能消息传递库,使用安装,0.992793083190918
open-mpi,单机多卡,使用安装,0.9929801821708679
open-mpi,多机多卡,使用安装,0.9930424690246582
4.0.3,MindSpore,版本,0.9974000453948975
4.0.3,高性能消息传递库,版本,0.9830348491668701
4.0.3,单机多卡,版本,0.9893286824226379
4.0.3,多机多卡,版本,0.9751700758934021
MindSpore,高性能消息传递库,使用安装,0.992706835269928
MindSpore,单机多卡,使用安装,0.9928773045539856
MindSpore,多机多卡,使用安装,0.9929084777832031
单机多卡,多机多卡,创建或使用关联,0.8521596193313599
Python,https://www.python.org/,使用参考,0.9735264778137207
Python,Conda,工具安装,0.9932591915130615
https://www.python.org/,Conda,使用参考,0.973053514957428
cur,"https://mirrors.tuna.tsinghua.edu.cn/anaconda/miniconda/Miniconda3-py37_4.10.3-Linux-x86_64.sh
",编译安装,0.9684609174728394
Conda,清华源,使用安装,0.9928079843521118
Conda,https://mirrors.tuna.tsinghua.edu.cn/help/anaconda/,使用参考,0.9381293058395386
清华源,https://mirrors.tuna.tsinghua.edu.cn/help/anaconda/,详情参考,0.9896184802055359
虚拟环境,Python,使用安装,0.9909963607788086
虚拟环境,3.7.5,版本,0.9408048987388611
Python,3.7.5,版本,0.9973735809326172
命令,Python,使用安装,0.9932525753974915
命令,版本,创建或使用关联,0.9900118708610535
Python,版本,使用安装,0.9930456280708313
环境,ARM,创建或使用关联,0.9220266938209534
环境,Python,使用安装,0.9927761554718018
环境,pip,使用安装,0.9920921921730042
环境,版本,创建或使用关联,0.9892317652702332
环境,19.3,版本,0.90822434425354
环境,命令,创建或使用关联,0.9872081875801086
ARM,Python,使用安装,0.9933657050132751
ARM,pip,使用安装,0.9932367205619812
ARM,版本,创建或使用关联,0.942531943321228
ARM,19.3,版本,0.8103858828544617
ARM,命令,创建或使用关联,0.9505698680877686
Python,pip,工具安装,0.9926757216453552
Python,版本,使用安装,0.9927688837051392
Python,19.3,版本,0.9973465204238892
Python,命令,使用安装,0.9916874766349792
pip,版本,使用安装,0.9921267032623291
pip,19.3,版本,0.9973663687705994
pip,命令,使用安装,0.9917557239532471
版本,19.3,版本,0.975964367389679
版本,命令,创建或使用关联,0.9860472679138184
19.3,命令,版本,0.9303528070449829
Ascend Data Center Solution,22.0,版本,0.9973536729812622
Ascend Data Center Solution,https://support.huawei.com/enterprise/zh/doc/EDOC1100246310,使用参考,0.9737600684165955
路径,用户,使用,0.9791569709777832
路径,权限,使用,0.9766473770141602
路径,昇腾AI处理器配套软件包,使用,0.8611675500869751
路径,root用户,使用,0.9795336723327637
路径,用户组,使用,0.9791304469108582
用户,权限,使用,0.9906140565872192
用户,昇腾AI处理器配套软件包,进行安装,0.9727870225906372
用户,root用户,进行安装,0.9313271641731262
用户,用户组,进行安装,0.934267520904541
权限,昇腾AI处理器配套软件包,使用,0.9078654646873474
权限,root用户,使用,0.9870254397392273
权限,用户组,使用,0.9864180088043213
昇腾AI处理器配套软件包,root用户,进行安装,0.9640287756919861
昇腾AI处理器配套软件包,用户组,进行安装,0.9638195037841797
root用户,用户组,进行安装,0.9348934292793274
昇腾AI处理器配套软件包,whl,工具安装,0.992887556552887
昇腾AI处理器配套软件包,命令,使用安装,0.9916588664054871
whl,命令,使用安装,0.9904480576515198
路径,指令,创建或使用关联,0.9580146074295044
路径,命令,创建或使用关联,0.9792417883872986
指令,命令,创建或使用关联,0.9855816960334778
pip install /usr/local/Ascend/ascend-toolkit/latest/fwkacllib/lib64/topi-*-py3-none-any,".whl
",编译安装,0.9883266091346741
Ubuntu 18.04,命令,创建或使用关联,0.9696031808853149
install,gcc-7,工具安装,0.9906574487686157
CentOS 7,命令,创建或使用关联,0.9696093201637268
命令,GCC ,使用安装,0.9933692812919617
EulerOS,OpenEuler,上面安装,0.9723426103591919
EulerOS,命令,创建或使用关联,0.9562704563140869
OpenEuler,命令,创建或使用关联,0.9587761759757996
Ubuntu 18.04,命令,创建或使用关联,0.9696031808853149
CentOS 7,EulerOS,上面安装,0.9789677262306213
CentOS 7,OpenEuler,上面安装,0.9790477156639099
CentOS 7,命令,创建或使用关联,0.9552066922187805
EulerOS,OpenEuler,上面安装,0.9779924750328064
EulerOS,命令,创建或使用关联,0.9505404829978943
OpenEuler,命令,创建或使用关联,0.9509257078170776
命令,Open MPI,使用安装,0.9933736324310303
命令,https://www.open-mpi.org/,详情参考,0.9214879274368286
Open MPI,https://www.open-mpi.org/,使用参考,0.9735935926437378
curl,"https://download.open-mpi.org/release/open-mpi/v4.0/openmpi-4.0.3.tar.gz
",编译安装,0.9376032948493958
版本,https://www.mindspore.cn/versions,详情参考,0.988817572593689
版本,MindSpore,使用安装,0.9926960468292236
版本,SHA-256,使用安装,0.9919814467430115
版本,1.7.0,版本,0.9300520420074463
版本,命令,创建或使用关联,0.9408705234527588
https://www.mindspore.cn/versions,MindSpore,使用参考,0.9458273649215698
https://www.mindspore.cn/versions,SHA-256,使用参考,0.956387996673584
https://www.mindspore.cn/versions,1.7.0,版本,0.831849217414856
https://www.mindspore.cn/versions,命令,详情参考,0.9824120402336121
MindSpore,SHA-256,工具安装,0.980280339717865
MindSpore,1.7.0,版本,0.9972981810569763
MindSpore,命令,使用安装,0.9908590912818909
SHA-256,1.7.0,版本,0.997286319732666
SHA-256,命令,使用安装,0.9901511669158936
1.7.0,命令,版本,0.9247611165046692
系统架构,Python,使用安装,0.9933650493621826
系统架构,版本,创建或使用关联,0.9874574542045593
系统架构,命令,创建或使用关联,0.9852501749992371
系统架构,MindSpore,使用安装,0.993316113948822
Python,版本,使用安装,0.9930763244628906
Python,命令,使用安装,0.9914863109588623
Python,MindSpore,工具安装,0.9929168224334717
版本,命令,创建或使用关联,0.9875386953353882
版本,MindSpore,使用安装,0.9933039546012878
命令,MindSpore,使用安装,0.993244469165802
x86_64,Python,使用安装,0.9921702742576599
x86_64,3.7,版本,0.8634474873542786
Python,3.7,版本,0.9973737001419067
pip,"https://ms-release.obs.cn-north-4.myhuaweicloud.com/${MS_VERSION}/MindSpore/ascend/x86_64/mindspore_ascend-${MS_VERSION/-/}-cp37-cp37m-linux_x86_64.whl --trusted-host ms-release.obs.cn-north-4.myhuaweicloud.com -i https://pypi.tuna.tsinghua.edu.cn/simple
",编译安装,0.819265604019165
x86_64,Python,使用安装,0.9922675490379333
x86_64,3.8,版本,0.8548445701599121
Python,3.8,版本,0.9973760843276978
pip,"https://ms-release.obs.cn-north-4.myhuaweicloud.com/${MS_VERSION}/MindSpore/ascend/x86_64/mindspore_ascend-${MS_VERSION/-/}-cp38-cp38-linux_x86_64.whl --trusted-host ms-release.obs.cn-north-4.myhuaweicloud.com -i https://pypi.tuna.tsinghua.edu.cn/simple
",编译安装,0.8012487292289734
x86_64,Python,使用安装,0.9923990368843079
x86_64,3.9,版本,0.8499197959899902
Python,3.9,版本,0.99737548828125
pip,"https://ms-release.obs.cn-north-4.myhuaweicloud.com/${MS_VERSION}/MindSpore/ascend/x86_64/mindspore_ascend-${MS_VERSION/-/}-cp39-cp39-linux_x86_64.whl --trusted-host ms-release.obs.cn-north-4.myhuaweicloud.com -i https://pypi.tuna.tsinghua.edu.cn/simple
",编译安装,0.8009964823722839
aarch64,Python,使用安装,0.9924387335777283
aarch64,3.7,版本,0.8742170929908752
Python,3.7,版本,0.9973795413970947
pip,"https://ms-release.obs.cn-north-4.myhuaweicloud.com/${MS_VERSION}/MindSpore/ascend/aarch64/mindspore_ascend-${MS_VERSION/-/}-cp37-cp37m-linux_aarch64.whl --trusted-host ms-release.obs.cn-north-4.myhuaweicloud.com -i https://pypi.tuna.tsinghua.edu.cn/simple
",编译安装,0.8341568112373352
aarch64,Python,使用安装,0.9924855828285217
aarch64,3.8,版本,0.8754100203514099
Python,3.8,版本,0.9973832964897156
pip,"https://ms-release.obs.cn-north-4.myhuaweicloud.com/${MS_VERSION}/MindSpore/ascend/aarch64/mindspore_ascend-${MS_VERSION/-/}-cp38-cp38-linux_aarch64.whl --trusted-host ms-release.obs.cn-north-4.myhuaweicloud.com -i https://pypi.tuna.tsinghua.edu.cn/simple
",编译安装,0.8183708190917969
aarch64,Python,使用安装,0.9925690293312073
aarch64,3.9,版本,0.869377851486206
Python,3.9,版本,0.9973830580711365
pip,"https://ms-release.obs.cn-north-4.myhuaweicloud.com/${MS_VERSION}/MindSpore/ascend/aarch64/mindspore_ascend-${MS_VERSION/-/}-cp39-cp39-linux_aarch64.whl --trusted-host ms-release.obs.cn-north-4.myhuaweicloud.com -i https://pypi.tuna.tsinghua.edu.cn/simple
",编译安装,0.8183773159980774
whl,MindSpore,工具安装,0.9885326623916626
whl,安装包,使用安装,0.8434837460517883
whl,https://gitee.com/mindspore/mindspore/blob/r1.7/setup.py,使用参考,0.8673394322395325
whl,ModelZoo,工具安装,0.9885249733924866
whl,https://gitee.com/mindspore/models/tree/r1.7/,使用参考,0.9689579606056213
whl,https://gitee.com/mindspore/mindspore/blob/r1.7/requirements.txt,使用参考,0.8805725574493408
MindSpore,https://gitee.com/mindspore/mindspore/blob/r1.7/setup.py,使用参考,0.8885221481323242
MindSpore,ModelZoo,工具安装,0.9852865934371948
MindSpore,https://gitee.com/mindspore/models/tree/r1.7/,使用参考,0.970137357711792
MindSpore,https://gitee.com/mindspore/mindspore/blob/r1.7/requirements.txt,使用参考,0.8827210068702698
安装包,https://gitee.com/mindspore/mindspore/blob/r1.7/setup.py,详情参考,0.9890362620353699
安装包,ModelZoo,使用安装,0.8743852376937866
安装包,https://gitee.com/mindspore/models/tree/r1.7/,详情参考,0.9830622673034668
安装包,https://gitee.com/mindspore/mindspore/blob/r1.7/requirements.txt,详情参考,0.9890506267547607
依赖,https://gitee.com/mindspore/mindspore/blob/r1.7/setup.py,详情参考,0.9890012741088867
依赖,https://gitee.com/mindspore/models/tree/r1.7/,详情参考,0.9805773496627808
依赖,https://gitee.com/mindspore/mindspore/blob/r1.7/requirements.txt,详情参考,0.9890185594558716
https://gitee.com/mindspore/mindspore/blob/r1.7/setup.py,ModelZoo,使用参考,0.8694311380386353
https://gitee.com/mindspore/mindspore/blob/r1.7/setup.py,https://gitee.com/mindspore/models/tree/r1.7/,使用参考,0.9600841999053955
https://gitee.com/mindspore/mindspore/blob/r1.7/setup.py,https://gitee.com/mindspore/mindspore/blob/r1.7/requirements.txt,使用参考,0.8881850838661194
ModelZoo,https://gitee.com/mindspore/models/tree/r1.7/,使用参考,0.9701316356658936
ModelZoo,https://gitee.com/mindspore/mindspore/blob/r1.7/requirements.txt,使用参考,0.8843672275543213
https://gitee.com/mindspore/models/tree/r1.7/,https://gitee.com/mindspore/mindspore/blob/r1.7/requirements.txt,使用参考,0.9247727394104004
昇腾AI处理器配套软件包,路径,使用安装,0.9906209707260132
昇腾AI处理器配套软件包,MindSpore,工具安装,0.9876147508621216
昇腾AI处理器配套软件包,Runtime,使用安装,0.9921099543571472
昇腾AI处理器配套软件包,环境变量,使用安装,0.9773615002632141
昇腾AI处理器配套软件包,命令,使用安装,0.9882023930549622
路径,MindSpore,使用安装,0.9917845726013184
路径,Runtime,使用安装,0.8596304059028625
路径,环境变量,创建或使用关联,0.9334821701049805
MindSpore,Runtime,使用安装,0.9924401044845581
MindSpore,环境变量,使用安装,0.9728780388832092
MindSpore,命令,使用安装,0.9916056394577026
Runtime,环境变量,创建或使用关联,0.9463835954666138
Runtime,命令,使用安装,0.8020200729370117
环境变量,命令,创建或使用关联,0.9454607367515564
Conda,ptions,工具安装,0.9929961562156677
tation,tool,工具安装,0.9928515553474426
tation,path,工具安装,0.9916395545005798
tool,path,工具安装,0.9928184747695923
AICPU,path,工具安装,0.9922602772712708
compilation tool,"path
",工具安装,0.9882084727287292
Python,librmplementation depends on,工具安装,0.9882710576057434
MindSpore,version,工具安装,0.9924445748329163
MindSpore,版本,使用安装,0.9908835291862488
version,版本,使用安装,0.9850990772247314
mport,mpy,工具安装,0.9923591017723083
mindspore,poTensor,工具安装,0.9908376336097717
por,mindspore,工具安装,0.992493212223053
por,context,工具安装,0.9927132725715637
mindspore,context,工具安装,0.9926459789276123
Tensor,p.one,工具安装,0.9928820133209229
Tensor,one,工具安装,0.9930251836776733
MindSpore,版本,使用安装,0.9920803904533386
MindSpore,版本,使用安装,0.9925768971443176
MindSpore,命令,使用安装,0.9912053942680359
版本,命令,创建或使用关联,0.9892376661300659
版本,1.6.0,版本,0.9842647314071655
源码编译方式,MindSpore CPU,安装,0.9910180568695068
MindSpore CPU,版本,使用安装,0.9845582842826843
MindSpore CPU,macOS,使用安装,0.9862844944000244
版本,macOS,创建或使用关联,0.9653317928314209
源码编译方式,MindSpore CPU,安装,0.990965723991394
源码编译方式,版本,安装,0.8374893069267273
源码编译方式,macOS,安装,0.8468887805938721
源码编译方式,mindspore-cpu,安装,0.990542471408844
源码编译方式,macos,安装,0.8956226706504822
MindSpore CPU,macOS,使用安装,0.9788307547569275
MindSpore CPU,mindspore-cpu,安装,0.9891979098320007
MindSpore CPU,macos,使用安装,0.8571564555168152
版本,macOS,创建或使用关联,0.9639877676963806
版本,macos,创建或使用关联,0.8582209944725037
MindSpore,版本,使用安装,0.9925893545150757
版本,mindspore,使用安装,0.9913382530212402
https://gitee.com/mindspore/docs/blob/r1.7/install/mindspore_cpu_mac_install_source.md,https://mindspore-website.obs.cn-north-4.myhuaweicloud.com/website-images/r1.7/resource/_static/logo_source.png,使用参考,0.8604514002799988
macOS,MindSpore,使用安装,0.9800509810447693
源码编译方式,MindSpore,安装,0.9892205595970154
系统,芯片,创建或使用关联,0.8802814483642578
系统,Python,使用安装,0.9933598637580872
系统,版本,创建或使用关联,0.9735565185546875
芯片,Python,使用安装,0.9934549927711487
芯片,版本,创建或使用关联,0.9541822075843811
Python,版本,使用安装,0.9932253956794739
Python,macOS,使用安装,0.9933977127075195
芯片,计算架构,创建或使用关联,0.9781798124313354
芯片,macOS,创建或使用关联,0.8894554376602173
芯片,版本,创建或使用关联,0.9847152233123779
芯片,Python,使用安装,0.9932993650436401
计算架构,macOS,创建或使用关联,0.9046587944030762
计算架构,版本,创建或使用关联,0.9876859188079834
计算架构,Python,使用安装,0.993151068687439
macOS,版本,创建或使用关联,0.9693433046340942
macOS,Python,使用安装,0.9932973980903625
版本,Python,使用安装,0.9927598237991333
ARM,11.3,版本,0.9973978996276855
ARM,Python,工具安装,0.9928898811340332
ARM,3.8-3.9,版本,0.9974019527435303
11.3,Python,版本,0.9974206686019897
11.3,3.8-3.9,版本,0.9973428845405579
Python,3.8-3.9,版本,0.9974007606506348
Inte,x86_64,使用安装,0.9889360070228577
Inte,10.15,版本,0.9973957538604736
Inte,11.3,版本,0.9973992109298706
Inte,Python,工具安装,0.991473913192749
Inte,3.7-3.9,版本,0.997397780418396
x86_64,10.15,版本,0.8959593176841736
x86_64,11.3,版本,0.9083330035209656
x86_64,Python,使用安装,0.9922178983688354
x86_64,3.7-3.9,版本,0.9498481750488281
10.15,11.3,版本,0.9973847270011902
10.15,Python,版本,0.9974244832992554
10.15,3.7-3.9,版本,0.9973832964897156
11.3,Python,版本,0.997424840927124
11.3,3.7-3.9,版本,0.9973852038383484
Python,3.7-3.9,版本,0.9974143505096436
Python,版本,使用安装,0.9925748109817505
Python,3.7.5,版本,0.9967535138130188
Python,https://www.python.org/ftp/python/3.7.5/python-3.7.5-macosx10.9.pkg,使用参考,0.9532867670059204
Python,https://repo.huaweicloud.com/python/3.7.5/python-3.7.5-macosx10.9.pkg,使用参考,0.9543112516403198
3.7.5,https://www.python.org/ftp/python/3.7.5/python-3.7.5-macosx10.9.pkg,版本,0.9034284949302673
3.7.5,https://repo.huaweicloud.com/python/3.7.5/python-3.7.5-macosx10.9.pkg,版本,0.8102173209190369
https://www.python.org/ftp/python/3.7.5/python-3.7.5-macosx10.9.pkg,https://repo.huaweicloud.com/python/3.7.5/python-3.7.5-macosx10.9.pkg,使用参考,0.9316715002059937
Python,3.8.0,版本,0.9965343475341797
Python,https://www.python.org/ftp/python/3.8.0/python-3.8.0-macosx10.9.pkg,使用参考,0.9432857632637024
Python,https://repo.huaweicloud.com/python/3.8.0/python-3.8.0-macosx10.9.pkg,使用参考,0.9535938501358032
3.8.0,it,版本,0.9967003464698792
3.8.0,https://www.python.org/ftp/python/3.8.0/python-3.8.0-macosx10.9.pkg,版本,0.8936221599578857
3.8.0,https://repo.huaweicloud.com/python/3.8.0/python-3.8.0-macosx10.9.pkg,版本,0.8132871985435486
it,https://www.python.org/ftp/python/3.8.0/python-3.8.0-macosx10.9.pkg,使用参考,0.9326254725456238
it,https://repo.huaweicloud.com/python/3.8.0/python-3.8.0-macosx10.9.pkg,使用参考,0.950765073299408
https://www.python.org/ftp/python/3.8.0/python-3.8.0-macosx10.9.pkg,https://repo.huaweicloud.com/python/3.8.0/python-3.8.0-macosx10.9.pkg,使用参考,0.930982232093811
Python,3.9.0,版本,0.9967393279075623
Python,https://www.python.org/ftp/python/3.9.0/python-3.9.0-macosx10.9.pkg,使用参考,0.9452368021011353
Python,https://repo.huaweicloud.com/python/3.9.0/python-3.9.0-macosx10.9.pkg,使用参考,0.9538140892982483
3.9.0,it,版本,0.9969092011451721
3.9.0,https://www.python.org/ftp/python/3.9.0/python-3.9.0-macosx10.9.pkg,版本,0.8960474729537964
3.9.0,https://repo.huaweicloud.com/python/3.9.0/python-3.9.0-macosx10.9.pkg,版本,0.81415194272995
it,https://www.python.org/ftp/python/3.9.0/python-3.9.0-macosx10.9.pkg,使用参考,0.9334765076637268
it,https://repo.huaweicloud.com/python/3.9.0/python-3.9.0-macosx10.9.pkg,使用参考,0.9506275057792664
https://www.python.org/ftp/python/3.9.0/python-3.9.0-macosx10.9.pkg,https://repo.huaweicloud.com/python/3.9.0/python-3.9.0-macosx10.9.pkg,使用参考,0.9317029714584351
code,https://xcodereleases.com/,使用参考,0.972260594367981
code,3.0,版本,0.9973880648612976
code,13.0,版本,0.9973849654197693
https://xcodereleases.com/,3.0,版本,0.9282848238945007
https://xcodereleases.com/,13.0,版本,0.9661585688591003
3.0,13.0,版本,0.9972007274627686
Command,Line,工具安装,0.9909114241600037
Command,Tools,工具安装,0.9928614497184753
Command,or,工具安装,0.9919582605361938
Command,code,工具安装,0.990882158279419
Command,命令,使用安装,0.9873217940330505
Command,ools,工具安装,0.9927653670310974
Line,Tools,工具安装,0.9928891658782959
Line,or,工具安装,0.9925215840339661
Line,code,工具安装,0.9921048879623413
Line,命令,使用安装,0.9878554940223694
Line,ools,工具安装,0.9927995204925537
Tools,or,工具安装,0.9901540875434875
Tools,code,工具安装,0.9886821508407593
Tools,命令,使用安装,0.9787206649780273
Tools,ools,工具安装,0.9916067123413086
or,code,工具安装,0.9925958514213562
or,命令,使用安装,0.9916200637817383
or,ools,工具安装,0.9925602674484253
code,命令,使用安装,0.9821301102638245
code,ools,工具安装,0.992470383644104
命令,ools,使用安装,0.9925363063812256
CMake,3.18.3,版本,0.9973742961883545
CMake,https://cmake.org/download/,使用参考,0.9727230668067932
3.18.3,https://cmake.org/download/,版本,0.8573499917984009
patch,.5,工具安装,0.9928666353225708
patch,https://ftp.gnu.org/gnu/patch/,使用参考,0.9724075794219971
.5,https://ftp.gnu.org/gnu/patch/,使用参考,0.9724129438400269
wheel,0.32.0,版本,0.9973376393318176
wheel,https://pypi.org/project/wheel/,使用参考,0.9664859175682068
wheel,pip,工具安装,0.9907829165458679
wheel,install,工具安装,0.9911763668060303
wheel,whee,工具安装,0.9911983609199524
0.32.0,https://pypi.org/project/wheel/,版本,0.8604932427406311
0.32.0,pip,版本,0.9973624348640442
0.32.0,install,版本,0.9973594546318054
0.32.0,whee,版本,0.9973679184913635
https://pypi.org/project/wheel/,pip,使用参考,0.959618866443634
https://pypi.org/project/wheel/,install,使用参考,0.9538908004760742
https://pypi.org/project/wheel/,whee,使用参考,0.9494678974151611
pip,install,工具安装,0.9907103180885315
pip,whee,工具安装,0.9914312362670898
install,whee,工具安装,0.9918299317359924
源码,命令,创建或使用关联,0.9900845289230347
cpCPU性,多线程方式,安装,0.9779219627380371
多线程方式,CPU,安装,0.945845901966095
pip install output/mindspore-*.whlhttps://py,"pi.tuna.tsinghua.edu.cn/simple
",编译安装,0.9101873636245728
scipy包,命令,使用安装,0.9910621643066406
scipy包,MindSpore,工具安装,0.990455687046051
命令,MindSpore,使用安装,0.9931569695472717
pip instal,"https://pypi.anaconda.org/scipy-wheels-nightly/simple scipy
",编译安装,0.9890052676200867
MindSpore,version,工具安装,0.9924445748329163
MindSpore,版本,使用安装,0.9908835291862488
version,版本,使用安装,0.9850990772247314
MindSpore,版本,使用安装,0.9920803904533386
MindSpore,版本,使用安装,0.9925768971443176
MindSpore,命令,使用安装,0.9912053942680359
版本,命令,创建或使用关联,0.9892376661300659
pip install,-upgrade,工具安装,0.9922182559967041
pip install,mindspore,工具安装,0.9918140172958374
-upgrade,mindspore,工具安装,0.9901334047317505
源码,脚本,创建或使用关联,0.9786792397499084
源码,whl,使用安装,0.9929357171058655
源码,安装包,创建或使用关联,0.9271162152290344
源码,命令,创建或使用关联,0.9727621078491211
脚本,whl,使用安装,0.9920420050621033
脚本,安装包,创建或使用关联,0.9469262957572937
脚本,命令,创建或使用关联,0.9785374402999878
whl,安装包,使用安装,0.9919841885566711
whl,命令,使用安装,0.9911503791809082
安装包,命令,创建或使用关联,0.9557738304138184
install,upgrade,工具安装,0.917523205280304
install,mindspore,工具安装,0.9719727635383606
upgrade,mindspore,工具安装,0.93504399061203
upgrade,"python_version}-macosx_{platform_version}_{arch}.whl
",编译安装,0.8817354440689087
mindspore,"python_version}-macosx_{platform_version}_{arch}.whl
",编译安装,0.8885350823402405
pip方式,MindSpore Ascend,安装,0.9909054040908813
pip方式,310,版本,0.9915072917938232
MindSpore Ascend,310,版本,0.9973363280296326
MindSpore Ascend,版本,使用安装,0.9777525067329407
310,版本,版本,0.9422423243522644
pip方式,MindSpore Ascend,安装,0.9910496473312378
pip方式,310,版本,0.9923600554466248
pip方式,mindspore-ascend-,安装,0.9909089207649231
MindSpore Ascend,310,版本,0.9973548650741577
MindSpore Ascend,mindspore-ascend-,安装,0.990570068359375
310,版本,版本,0.9887260794639587
310,mindspore-ascend-,版本,0.9972332119941711
https://gitee.com/mindspore/docs/blob/r1.7/install/mindspore_ascend310_install_pip.md,https://mindspore-website.obs.cn-north-4.myhuaweicloud.com/website-images/r1.7/resource/_static/logo_source.png,使用参考,0.8387584686279297
Ascend,310,版本,0.997374415397644
Ascend,Linux,上面安装,0.9882377982139587
Ascend,pip方式,安装,0.9902183413505554
Ascend,版本,使用安装,0.9758368730545044
310,Linux,版本,0.995459258556366
310,pip方式,版本,0.9949654936790466
310,MindSpore,版本,0.997399091720581
310,版本,版本,0.9662048816680908
Linux,pip方式,安装,0.9757903218269348
Linux,MindSpore,上面安装,0.9626360535621643
pip方式,MindSpore,安装,0.9902633428573608
MindSpore,版本,使用安装,0.9901328086853027
昇腾AI处理器配套软件包,EulerOS 2.8,上面安装,0.9892696738243103
昇腾AI处理器配套软件包,pip,工具安装,0.9831662178039551
昇腾AI处理器配套软件包,MindSpore,工具安装,0.9817371368408203
昇腾AI处理器配套软件包,脚本,使用安装,0.9888010025024414
昇腾AI处理器配套软件包,依赖,使用安装,0.9881751537322998
EulerOS 2.8,pip,上面安装,0.975095808506012
EulerOS 2.8,MindSpore,上面安装,0.9688220620155334
EulerOS 2.8,依赖,使用安装,0.8996316194534302
pip,MindSpore,工具安装,0.991450846195221
pip,脚本,使用安装,0.99015873670578
pip,https://gitee.com/mindspore/mindspore/raw/r1.7/scripts/install/euleros-ascend310-pip.sh,使用参考,0.8595717549324036
pip,依赖,使用安装,0.9898871779441833
MindSpore,脚本,使用安装,0.9915347695350647
MindSpore,https://gitee.com/mindspore/mindspore/raw/r1.7/scripts/install/euleros-ascend310-pip.sh,使用参考,0.8535367846488953
MindSpore,依赖,使用安装,0.9913856983184814
脚本,https://gitee.com/mindspore/mindspore/raw/r1.7/scripts/install/euleros-ascend310-pip.sh,详情参考,0.9882412552833557
https://gitee.com/mindspore/mindspore/raw/r1.7/scripts/install/euleros-ascend310-pip.sh,依赖,详情参考,0.9829079508781433
系统,Python,使用安装,0.9925733804702759
系统,GCC,使用安装,0.9925260543823242
Ubuntu 18.04,CentOS 7.6,上面安装,0.9895023107528687
Ubuntu 18.04,Python,上面安装,0.9905717372894287
Ubuntu 18.04,GCC,上面安装,0.9905716180801392
CentOS 7.6,Python,上面安装,0.9905111193656921
CentOS 7.6,GCC,上面安装,0.9905099272727966
依赖,Python,使用安装,0.9929357171058655
依赖,GCC,使用安装,0.9928205609321594
Python,GCC,上面安装,0.9818059802055359
脚本,昇腾AI处理器配套软件包,使用安装,0.9918145537376404
脚本,昇腾ai处理器配套软件包,使用安装,0.9915487170219421
系统,昇腾AI处理器配套软件包,使用安装,0.9910473227500916
系统,昇腾ai处理器配套软件包,使用安装,0.9908177852630615
命令,脚本,创建或使用关联,0.9901710152626038
命令,MindSpore,使用安装,0.9932460784912109
命令,1.6.0,版本,0.9355500936508179
脚本,MindSpore,使用安装,0.993177056312561
脚本,1.6.0,版本,0.9627906084060669
MindSpore,1.6.0,版本,0.9973816275596619
wge,"https://gitee.com/mindspore/mindspore/raw/r1.7/scripts/install/euleros-ascend310-pip.sh
",编译安装,0.9698265790939331
MindSpore,1.7.0,版本,0.9973840117454529
MindSpore,Python ,工具安装,0.9905084371566772
MindSpore,3.7,版本,0.9973729848861694
1.7.0,Python ,版本,0.9973964691162109
1.7.0,3.7,版本,0.9973260164260864
Python ,3.7,版本,0.9973800778388977
Python,MindSpore,工具安装,0.9923787117004395
Python,版本,使用安装,0.9931043982505798
Python,3.9,版本,0.9973958730697632
Python,1.6.0,版本,0.9973922967910767
MindSpore,版本,使用安装,0.9931714534759521
MindSpore,3.9,版本,0.9973989725112915
MindSpore,1.6.0,版本,0.997394323348999
版本,3.9,版本,0.8548890352249146
3.9,1.6.0,版本,0.9973537921905518
MindSpore,依赖,使用安装,0.9933506846427917
MindSpore,GCC,工具安装,0.9931465983390808
MindSpore,gmp,工具安装,0.9931036829948425
依赖,GCC,使用安装,0.9933265447616577
依赖,gmp,使用安装,0.9933439493179321
GCC,gmp,工具安装,0.9930967688560486
APT,Python,安装,0.9489433765411377
APT,pip3,安装,0.9818277955055237
Python,pip3,工具安装,0.9930421113967896
pip,MindSpore,工具安装,0.9929242134094238
pip,Ascend,工具安装,0.9928949475288391
pip,310,版本,0.9973757266998291
pip,版本,使用安装,0.9921213388442993
MindSpore,Ascend,工具安装,0.9930616021156311
MindSpore,310,版本,0.9973838925361633
MindSpore,版本,使用安装,0.9927914142608643
Ascend,310,版本,0.9973888993263245
Ascend,版本,使用安装,0.9923985600471497
310,版本,版本,0.9556670188903809
脚本,终端窗口,创建或使用关联,0.9900667667388916
脚本,环境变量,创建或使用关联,0.9909701347351074
终端窗口,环境变量,创建或使用关联,0.991520345211029
脚本,MindSpore,使用安装,0.9930304884910583
脚本,虚拟环境,创建或使用关联,0.991418719291687
脚本,Python,使用安装,0.9930174350738525
脚本,版本,创建或使用关联,0.9892467856407166
脚本,3.7,版本,0.9374644160270691
脚本,命令,创建或使用关联,0.9883816838264465
MindSpore,虚拟环境,使用安装,0.8988462686538696
MindSpore,Python,工具安装,0.9847571849822998
MindSpore,版本,使用安装,0.9848840236663818
MindSpore,3.7,版本,0.9972671270370483
MindSpore,命令,使用安装,0.9821198582649231
虚拟环境,Python,使用安装,0.9904223680496216
虚拟环境,版本,创建或使用关联,0.9899755120277405
虚拟环境,3.7,版本,0.8326594829559326
虚拟环境,命令,创建或使用关联,0.9902999401092529
Python,版本,使用安装,0.9909842014312744
Python,3.7,版本,0.9972726702690125
Python,命令,使用安装,0.9899849891662598
版本,3.7,版本,0.9324435591697693
版本,命令,创建或使用关联,0.9885517358779907
Python,3.7,版本,0.9973363280296326
Python,命令,使用安装,0.9906925559043884
Python,虚拟环境,使用安装,0.9734111428260803
3.7,命令,版本,0.8482497930526733
命令,虚拟环境,创建或使用关联,0.9916331768035889
MindSpore,系统环境,使用安装,0.9894931316375732
MindSpore,依赖,使用安装,0.9931558966636658
系统环境,依赖,创建或使用关联,0.9903483390808105
软件名称,版本,创建或使用关联,0.989840030670166
Ubuntu 18.04,CentOS 7.6,上面安装,0.9867688417434692
Ubuntu 18.04,EulerOS 2.8,上面安装,0.9870141744613647
Ubuntu 18.04,编译和运行MindSpore的操,上面安装,0.9861453771591187
CentOS 7.6,EulerOS 2.8,上面安装,0.985413134098053
CentOS 7.6,编译和运行MindSpore的操,上面安装,0.9851283431053162
EulerOS 2.8,编译和运行MindSpore的操,上面安装,0.984872043132782
Python,3.7-3.9,版本,0.99737548828125
Python,MindSpore,工具安装,0.9931024312973022
Python,依赖,使用安装,0.9923417568206787
Python,环境,使用安装,0.9899895191192627
python,3.7-3.9,版本,0.9973837733268738
python,MindSpore,工具安装,0.9929487705230713
python,依赖,使用安装,0.9820550084114075
python,环境,使用安装,0.9762617349624634
3.7-3.9,MindSpore,版本,0.9974057078361511
3.7-3.9,依赖,版本,0.9542754292488098
3.7-3.9,环境,版本,0.9495054483413696
MindSpore,依赖,使用安装,0.992510199546814
MindSpore,环境,使用安装,0.990301251411438
依赖,环境,创建或使用关联,0.9906358122825623
昇腾AI处理器配套软件包,MindSpore,工具安装,0.9930074214935303
昇腾AI处理器配套软件包,Ascend,工具安装,0.9929941296577454
昇腾AI处理器配套软件包,AI计算库,使用安装,0.9920139908790588
昇腾ai处理器配套软件包,MindSpore,工具安装,0.9930235147476196
昇腾ai处理器配套软件包,Ascend,工具安装,0.9930118918418884
昇腾ai处理器配套软件包,AI计算库,使用安装,0.9921414852142334
MindSpore,Ascend,工具安装,0.9930275082588196
MindSpore,AI计算库,使用安装,0.9922569990158081
Ascend,AI计算库,使用安装,0.9920958876609802
GCC,7.3.0,版本,0.9973946809768677
GCC,MindSpore,工具安装,0.993266224861145
GCC,C++,工具安装,0.9930533766746521
gcc,7.3.0,版本,0.9974061846733093
gcc,MindSpore,工具安装,0.992938756942749
gcc,C++,工具安装,0.9927202463150024
7.3.0,MindSpore,版本,0.9973961114883423
7.3.0,C++,版本,0.9973933696746826
MindSpore,C++,工具安装,0.9929960370063782
gmp,6.1.2,版本,0.9973853230476379
gmp,MindSpore,工具安装,0.9931736588478088
gmp,多精度算术库,使用安装,0.9931674599647522
6.1.2,MindSpore,版本,0.9973980188369751
6.1.2,多精度算术库,版本,0.9665809273719788
MindSpore,多精度算术库,使用安装,0.9933019876480103
CMake,3.18.3,版本,0.9973770380020142
CMake,MindSpore,工具安装,0.9932647943496704
cmake,3.18.3,版本,0.9973844885826111
cmake,MindSpore,工具安装,0.9931647181510925
3.18.3,MindSpore,版本,0.9973844885826111
Python,https://www.python.org/,使用参考,0.9735264778137207
Python,Conda,工具安装,0.9932591915130615
https://www.python.org/,Conda,使用参考,0.973053514957428
cur,"https://mirrors.tuna.tsinghua.edu.cn/anaconda/miniconda/Miniconda3-py37_4.10.3-Linux-x86_64.sh
",编译安装,0.9684609174728394
Conda,清华源,使用安装,0.9928079843521118
Conda,https://mirrors.tuna.tsinghua.edu.cn/help/anaconda/,使用参考,0.9381293058395386
清华源,https://mirrors.tuna.tsinghua.edu.cn/help/anaconda/,详情参考,0.9896184802055359
虚拟环境,Python,使用安装,0.9909963607788086
虚拟环境,3.7.5,版本,0.9408048987388611
Python,3.7.5,版本,0.9973735809326172
命令,Python,使用安装,0.9932525753974915
命令,版本,创建或使用关联,0.9900118708610535
Python,版本,使用安装,0.9930456280708313
环境,ARM,创建或使用关联,0.9220266938209534
环境,Python,使用安装,0.9927761554718018
环境,pip,使用安装,0.9920921921730042
环境,版本,创建或使用关联,0.9892317652702332
环境,19.3,版本,0.90822434425354
环境,命令,创建或使用关联,0.9872081875801086
ARM,Python,使用安装,0.9933657050132751
ARM,pip,使用安装,0.9932367205619812
ARM,版本,创建或使用关联,0.942531943321228
ARM,19.3,版本,0.8103858828544617
ARM,命令,创建或使用关联,0.9505698680877686
Python,pip,工具安装,0.9926757216453552
Python,版本,使用安装,0.9927688837051392
Python,19.3,版本,0.9973465204238892
Python,命令,使用安装,0.9916874766349792
pip,版本,使用安装,0.9921267032623291
pip,19.3,版本,0.9973663687705994
pip,命令,使用安装,0.9917557239532471
版本,19.3,版本,0.975964367389679
版本,命令,创建或使用关联,0.9860472679138184
19.3,命令,版本,0.9303528070449829
Ascend Data Center Solution,22.0,版本,0.9973536729812622
Ascend Data Center Solution,https://support.huawei.com/enterprise/zh/doc/EDOC1100246310,使用参考,0.9737600684165955
路径,用户,使用,0.9791569709777832
路径,权限,使用,0.9766473770141602
路径,昇腾AI处理器配套软件包,使用,0.8611675500869751
路径,root用户,使用,0.9795336723327637
路径,用户组,使用,0.9791304469108582
用户,权限,使用,0.9906140565872192
用户,昇腾AI处理器配套软件包,进行安装,0.9727870225906372
用户,root用户,进行安装,0.9313271641731262
用户,用户组,进行安装,0.934267520904541
权限,昇腾AI处理器配套软件包,使用,0.9078654646873474
权限,root用户,使用,0.9870254397392273
权限,用户组,使用,0.9864180088043213
昇腾AI处理器配套软件包,root用户,进行安装,0.9640287756919861
昇腾AI处理器配套软件包,用户组,进行安装,0.9638195037841797
root用户,用户组,进行安装,0.9348934292793274
昇腾AI处理器配套软件包,whl,工具安装,0.992887556552887
昇腾AI处理器配套软件包,命令,使用安装,0.9916588664054871
whl,命令,使用安装,0.9904480576515198
路径,指令,创建或使用关联,0.9580146074295044
路径,命令,创建或使用关联,0.9792417883872986
指令,命令,创建或使用关联,0.9855816960334778
pip install /usr/local/Ascend/ascend-toolkit/latest/fwkacllib/lib64/topi-*-py3-none-any,".whl
",编译安装,0.9883266091346741
Ubuntu 18.04,命令,创建或使用关联,0.9696031808853149
install,gcc-7,工具安装,0.9906574487686157
CentOS 7,命令,创建或使用关联,0.9696093201637268
命令,GCC ,使用安装,0.9933692812919617
EulerOS,命令,创建或使用关联,0.9596204161643982
Ubuntu 18.04,命令,创建或使用关联,0.9696031808853149
CentOS 7,EulerOS,上面安装,0.9748339653015137
CentOS 7,命令,创建或使用关联,0.9601912498474121
EulerOS,命令,创建或使用关联,0.9148449897766113
Ubuntu 18.04,命令,创建或使用关联,0.8907678723335266
Ubuntu 18.04,CMake,上面安装,0.9781414866447449
Ubuntu 18.04,https://cmake.org/,使用参考,0.9554911851882935
命令,CMake,使用安装,0.9932166934013367
命令,https://cmake.org/,详情参考,0.8595259785652161
CMake,https://cmake.org/,使用参考,0.9733460545539856
https://apt.kitware.com/ubuntu,mai,使用参考,0.9612551927566528
stall,cmake,工具安装,0.9913807511329651
Linux,命令,创建或使用关联,0.9597177505493164
aar,ch6,使用安装,0.9928210377693176
脚本,CMake,使用安装,0.9933919310569763
3.19.8-Linux/usr/local/cmake-3.19.8 --exclude-,subdir,使用参考,0.8562365174293518
CMake,环境变量,使用安装,0.9858602285385132
CMake,命令,使用安装,0.9915992021560669
环境变量,命令,创建或使用关联,0.9894983768463135
/cma,ke-3.19.8/bin:\$,使用参考,0.9003154039382935
版本,https://www.mindspore.cn/versions,详情参考,0.988817572593689
版本,MindSpore,使用安装,0.9926960468292236
版本,SHA-256,使用安装,0.9919814467430115
版本,1.7.0,版本,0.9300520420074463
版本,命令,创建或使用关联,0.9408705234527588
https://www.mindspore.cn/versions,MindSpore,使用参考,0.9458273649215698
https://www.mindspore.cn/versions,SHA-256,使用参考,0.956387996673584
https://www.mindspore.cn/versions,1.7.0,版本,0.831849217414856
https://www.mindspore.cn/versions,命令,详情参考,0.9824120402336121
MindSpore,SHA-256,工具安装,0.980280339717865
MindSpore,1.7.0,版本,0.9972981810569763
MindSpore,命令,使用安装,0.9908590912818909
SHA-256,1.7.0,版本,0.997286319732666
SHA-256,命令,使用安装,0.9901511669158936
1.7.0,命令,版本,0.9247611165046692
系统架构,Python,使用安装,0.9933650493621826
系统架构,版本,创建或使用关联,0.9874574542045593
系统架构,命令,创建或使用关联,0.9852501749992371
系统架构,MindSpore,使用安装,0.993316113948822
Python,版本,使用安装,0.9930763244628906
Python,命令,使用安装,0.9914863109588623
Python,MindSpore,工具安装,0.9929168224334717
版本,命令,创建或使用关联,0.9875386953353882
版本,MindSpore,使用安装,0.9933039546012878
命令,MindSpore,使用安装,0.993244469165802
x86_64,Python,使用安装,0.9921702742576599
x86_64,3.7,版本,0.8634474873542786
Python,3.7,版本,0.9973737001419067
pip,"https://ms-release.obs.cn-north-4.myhuaweicloud.com/${MS_VERSION}/MindSpore/ascend/x86_64/mindspore_ascend-${MS_VERSION/-/}-cp37-cp37m-linux_x86_64.whl --trusted-host ms-release.obs.cn-north-4.myhuaweicloud.com -i https://pypi.tuna.tsinghua.edu.cn/simple
",编译安装,0.819265604019165
x86_64,Python,使用安装,0.9922675490379333
x86_64,3.8,版本,0.8548445701599121
Python,3.8,版本,0.9973760843276978
pip,"https://ms-release.obs.cn-north-4.myhuaweicloud.com/${MS_VERSION}/MindSpore/ascend/x86_64/mindspore_ascend-${MS_VERSION/-/}-cp38-cp38-linux_x86_64.whl --trusted-host ms-release.obs.cn-north-4.myhuaweicloud.com -i https://pypi.tuna.tsinghua.edu.cn/simple
",编译安装,0.8012487292289734
x86_64,Python,使用安装,0.9923990368843079
x86_64,3.9,版本,0.8499197959899902
Python,3.9,版本,0.99737548828125
pip,"https://ms-release.obs.cn-north-4.myhuaweicloud.com/${MS_VERSION}/MindSpore/ascend/x86_64/mindspore_ascend-${MS_VERSION/-/}-cp39-cp39-linux_x86_64.whl --trusted-host ms-release.obs.cn-north-4.myhuaweicloud.com -i https://pypi.tuna.tsinghua.edu.cn/simple
",编译安装,0.8009964823722839
aarch64,Python,使用安装,0.9924387335777283
aarch64,3.7,版本,0.8742170929908752
Python,3.7,版本,0.9973795413970947
pip,"https://ms-release.obs.cn-north-4.myhuaweicloud.com/${MS_VERSION}/MindSpore/ascend/aarch64/mindspore_ascend-${MS_VERSION/-/}-cp37-cp37m-linux_aarch64.whl --trusted-host ms-release.obs.cn-north-4.myhuaweicloud.com -i https://pypi.tuna.tsinghua.edu.cn/simple
",编译安装,0.8341568112373352
aarch64,Python,使用安装,0.9924855828285217
aarch64,3.8,版本,0.8754100203514099
Python,3.8,版本,0.9973832964897156
pip,"https://ms-release.obs.cn-north-4.myhuaweicloud.com/${MS_VERSION}/MindSpore/ascend/aarch64/mindspore_ascend-${MS_VERSION/-/}-cp38-cp38-linux_aarch64.whl --trusted-host ms-release.obs.cn-north-4.myhuaweicloud.com -i https://pypi.tuna.tsinghua.edu.cn/simple
",编译安装,0.8183708190917969
aarch64,Python,使用安装,0.9925690293312073
aarch64,3.9,版本,0.869377851486206
Python,3.9,版本,0.9973830580711365
pip,"https://ms-release.obs.cn-north-4.myhuaweicloud.com/${MS_VERSION}/MindSpore/ascend/aarch64/mindspore_ascend-${MS_VERSION/-/}-cp39-cp39-linux_aarch64.whl --trusted-host ms-release.obs.cn-north-4.myhuaweicloud.com -i https://pypi.tuna.tsinghua.edu.cn/simple
",编译安装,0.8183773159980774
whl,MindSpore,工具安装,0.9885326623916626
whl,安装包,使用安装,0.8434837460517883
whl,https://gitee.com/mindspore/mindspore/blob/r1.7/setup.py,使用参考,0.8673394322395325
whl,ModelZoo,工具安装,0.9885249733924866
whl,https://gitee.com/mindspore/models/tree/r1.7/,使用参考,0.9689579606056213
whl,https://gitee.com/mindspore/mindspore/blob/r1.7/requirements.txt,使用参考,0.8805725574493408
MindSpore,https://gitee.com/mindspore/mindspore/blob/r1.7/setup.py,使用参考,0.8885221481323242
MindSpore,ModelZoo,工具安装,0.9852865934371948
MindSpore,https://gitee.com/mindspore/models/tree/r1.7/,使用参考,0.970137357711792
MindSpore,https://gitee.com/mindspore/mindspore/blob/r1.7/requirements.txt,使用参考,0.8827210068702698
安装包,https://gitee.com/mindspore/mindspore/blob/r1.7/setup.py,详情参考,0.9890362620353699
安装包,ModelZoo,使用安装,0.8743852376937866
安装包,https://gitee.com/mindspore/models/tree/r1.7/,详情参考,0.9830622673034668
安装包,https://gitee.com/mindspore/mindspore/blob/r1.7/requirements.txt,详情参考,0.9890506267547607
依赖,https://gitee.com/mindspore/mindspore/blob/r1.7/setup.py,详情参考,0.9890012741088867
依赖,https://gitee.com/mindspore/models/tree/r1.7/,详情参考,0.9805773496627808
依赖,https://gitee.com/mindspore/mindspore/blob/r1.7/requirements.txt,详情参考,0.9890185594558716
https://gitee.com/mindspore/mindspore/blob/r1.7/setup.py,ModelZoo,使用参考,0.8694311380386353
https://gitee.com/mindspore/mindspore/blob/r1.7/setup.py,https://gitee.com/mindspore/models/tree/r1.7/,使用参考,0.9600841999053955
https://gitee.com/mindspore/mindspore/blob/r1.7/setup.py,https://gitee.com/mindspore/mindspore/blob/r1.7/requirements.txt,使用参考,0.8881850838661194
ModelZoo,https://gitee.com/mindspore/models/tree/r1.7/,使用参考,0.9701316356658936
ModelZoo,https://gitee.com/mindspore/mindspore/blob/r1.7/requirements.txt,使用参考,0.8843672275543213
https://gitee.com/mindspore/models/tree/r1.7/,https://gitee.com/mindspore/mindspore/blob/r1.7/requirements.txt,使用参考,0.9247727394104004
MindSpore,Runtime,使用安装,0.9929596781730652
MindSpore,环境变量,使用安装,0.9666799902915955
MindSpore,命令,使用安装,0.9904661178588867
MindSpore,路径,使用安装,0.9901600480079651
Runtime,环境变量,创建或使用关联,0.9910101890563965
Runtime,命令,创建或使用关联,0.9177647829055786
Runtime,路径,创建或使用关联,0.8861895203590393
环境变量,命令,创建或使用关联,0.9876759052276611
环境变量,路径,创建或使用关联,0.9855982661247253
命令,路径,创建或使用关联,0.9624782204627991
Conda,ptions,工具安装,0.9929961562156677
tation,tool,工具安装,0.9928515553474426
tation,path,工具安装,0.9916395545005798
tool,path,工具安装,0.9928184747695923
AICPU,path,工具安装,0.9922602772712708
compilation tool,"path
",工具安装,0.9882084727287292
Python,librmplementation depends on,工具安装,0.9882710576057434
CMakeLists.txt,脚本,使用安装,0.9894240498542786
tensor_add,mindir,工具安装,0.9924025535583496
tensor_add,MindIR,工具安装,0.9931702613830566
ke,mindspore-ascend,工具安装,0.9035391211509705
ke,grep,工具安装,0.953927755355835
ke,Location,工具安装,0.9734193682670593
ke,mindspore,工具安装,0.9368405342102051
mindspore-ascend,grep,工具安装,0.9640784859657288
mindspore-ascend,Location,工具安装,0.9657729268074036
mindspore-ascend,mindspore,工具安装,0.9495308995246887
grep,Location,工具安装,0.9748784899711609
grep,mindspore,工具安装,0.8730748295783997
Location,mindspore,工具安装,0.912422776222229
Co,da方式,安装,0.9905421137809753
Co,MindSpore GPU,安装,0.9910507202148438
da方式,MindSpore GPU,安装,0.9909537434577942
MindSpore GPU,版本,使用安装,0.9513590931892395
Co,da方式,安装,0.9907304644584656
Co,MindSpore GPU,安装,0.9911256432533264
Co,conda方式,安装,0.9907249808311462
Co,mindspore-gpu,安装,0.991061270236969
da方式,MindSpore GPU,安装,0.9911012053489685
da方式,版本,安装,0.8812767267227173
da方式,conda方式,安装,0.9906696081161499
da方式,mindspore-gpu,安装,0.9910554885864258
MindSpore GPU,conda方式,安装,0.9909960627555847
MindSpore GPU,mindspore-gpu,安装,0.9909909963607788
版本,conda方式,安装,0.8813228607177734
conda方式,mindspore-gpu,安装,0.9910396933555603
cuDN,cudnn,工具安装,0.9930543303489685
GCC,gmp,工具安装,0.9929106831550598
gmp,gcc,工具安装,0.9926924109458923
Open MPI,open-mpi-,工具安装,0.9931366443634033
TensorR,tensorrt,工具安装,0.9932165741920471
Conda,虚拟环境,使用安装,0.9855912923812866
虚拟环境,conda,使用安装,0.9867563247680664
https://gitee.com/mindspore/docs/blob/r1.7/install/mindspore_gpu_install_conda.md,https://mindspore-website.obs.cn-north-4.myhuaweicloud.com/website-images/r1.7/resource/_static/logo_source.png,使用参考,0.8535633683204651
Conda,https://docs.conda.io/en/latest/,使用参考,0.9706856608390808
Conda,包管理与环境管理系统,使用安装,0.8675264120101929
Conda,版本,使用安装,0.9442514181137085
Conda,二进制软件包,使用安装,0.8855320811271667
https://docs.conda.io/en/latest/,用户,使用参考,0.9305105209350586
https://docs.conda.io/en/latest/,版本,详情参考,0.9325827360153198
https://docs.conda.io/en/latest/,二进制软件包,详情参考,0.8538574576377869
包管理与环境管理系统,版本,创建或使用关联,0.9110970497131348
包管理与环境管理系统,二进制软件包,创建或使用关联,0.8313735127449036
版本,二进制软件包,创建或使用关联,0.8126899003982544
GPU,Linux,上面安装,0.9885088801383972
GPU,Conda方式,安装,0.9769824743270874
GPU,Ubuntu 18.04,上面安装,0.9807760715484619
Linux,Conda方式,安装,0.8155917525291443
Linux,Ubuntu 18.04,上面安装,0.9817967414855957
Conda方式,MindSpore,安装,0.9904049634933472
Conda方式,Ubuntu 18.04,安装,0.9497203230857849
MindSpore,Ubuntu 18.04,上面安装,0.9890158772468567
GP,Ubuntu 18.04,上面安装,0.9881226420402527
GP,Conda,工具安装,0.9887256026268005
GP,MindSpore,工具安装,0.9874144196510315
GP,脚本,使用安装,0.9902220964431763
GP,https://gitee.com/mindspore/mindspore/raw/r1.7/scripts/install/ubuntu-gpu-conda.sh,使用参考,0.8476284742355347
GP,依赖,使用安装,0.9897128343582153
Ubuntu 18.04,Conda,上面安装,0.9689982533454895
Ubuntu 18.04,MindSpore,上面安装,0.9609357714653015
Ubuntu 18.04,依赖,使用安装,0.8493221402168274
Conda,MindSpore,工具安装,0.9883251190185547
Conda,脚本,使用安装,0.9843083024024963
Conda,https://gitee.com/mindspore/mindspore/raw/r1.7/scripts/install/ubuntu-gpu-conda.sh,使用参考,0.8746713995933533
Conda,依赖,使用安装,0.9913756251335144
MindSpore,脚本,使用安装,0.9855403304100037
MindSpore,https://gitee.com/mindspore/mindspore/raw/r1.7/scripts/install/ubuntu-gpu-conda.sh,使用参考,0.8954954147338867
MindSpore,依赖,使用安装,0.9916685819625854
脚本,https://gitee.com/mindspore/mindspore/raw/r1.7/scripts/install/ubuntu-gpu-conda.sh,详情参考,0.9884777665138245
https://gitee.com/mindspore/mindspore/raw/r1.7/scripts/install/ubuntu-gpu-conda.sh,依赖,详情参考,0.9803902506828308
系统,依赖,创建或使用关联,0.8533632755279541
系统,CUDA,使用安装,0.9930353164672852
系统,Conda,使用安装,0.9930330514907837
系统,GCC,使用安装,0.993020236492157
依赖,CUDA,使用安装,0.9932188391685486
依赖,Conda,使用安装,0.9932188391685486
依赖,GCC,使用安装,0.9932278990745544
脚本,系统,创建或使用关联,0.9856378436088562
脚本,NVIDIA GPU驱,使用安装,0.9930528998374939
脚本,CUD,使用安装,0.9924231171607971
脚本,版本,创建或使用关联,0.9886109232902527
脚本,指令,创建或使用关联,0.9855029582977295
系统,NVIDIA GPU驱,使用安装,0.9924216866493225
系统,CUD,使用安装,0.9909676909446716
系统,版本,创建或使用关联,0.9862726330757141
系统,50.80.0,版本,0.9289058446884155
系统,指令,创建或使用关联,0.9837961196899414
NVIDIA GPU驱,CUD,上面安装,0.9332636594772339
NVIDIA GPU驱,10,版本,0.9967136383056641
NVIDIA GPU驱,版本,使用安装,0.989436149597168
NVIDIA GPU驱,418.3,版本,0.9972580671310425
NVIDIA GPU驱,50.80.0,版本,0.9973364472389221
NVIDIA GPU驱,指令,使用安装,0.990407407283783
CUD,10,版本,0.9968791007995605
CUD,版本,使用安装,0.9890916347503662
CUD,418.3,版本,0.9969362020492554
CUD,50.80.0,版本,0.9971449971199036
CUD,指令,使用安装,0.9897894263267517
10,418.3,版本,0.9959832429885864
10,50.80.0,版本,0.9954015016555786
版本,418.3,版本,0.8643838763237
版本,50.80.0,版本,0.9588454365730286
版本,指令,创建或使用关联,0.9839207530021667
418.3,50.80.0,版本,0.9963359832763672
418.3,指令,版本,0.9193362593650818
50.80.0,指令,版本,0.9639764428138733
GPU驱,命令,使用安装,0.991609513759613
脚本,软件源,创建或使用关联,0.9565237164497375
脚本,依赖,创建或使用关联,0.9608457684516907
脚本,ot权限,创建或使用关联,0.9109775424003601
脚本,命令,创建或使用关联,0.9818524718284607
脚本,MindSpore,使用安装,0.992953360080719
脚本,1.6.0,版本,0.96599280834198
软件源,依赖,创建或使用关联,0.9472306966781616
软件源,命令,创建或使用关联,0.9747670292854309
软件源,MindSpore,使用安装,0.9926413893699646
软件源,1.6.0,版本,0.9625727534294128
APT,1.6.0,版本,0.9967876672744751
依赖,命令,创建或使用关联,0.9698675870895386
依赖,MindSpore,使用安装,0.9900819659233093
依赖,1.6.0,版本,0.9692395925521851
ot权限,命令,创建或使用关联,0.939486026763916
ot权限,MindSpore,使用安装,0.9749422669410706
ot权限,1.6.0,版本,0.9727039933204651
命令,MindSpore,使用安装,0.9919719696044922
命令,1.6.0,版本,0.9539106488227844
MindSpore,1.6.0,版本,0.9973395466804504
wget,"https://gitee.com/mindspore/mindspore/raw/r1.7/scripts/install/ubuntu-gpu-conda.sh
",编译安装,0.9558166265487671
Python ,3.7,版本,0.9973698854446411
Python ,CUDA,工具安装,0.9932019114494324
Python ,11.1,版本,0.9973757266998291
Python ,版本,使用安装,0.9924966096878052
Python ,MindSpore,工具安装,0.9931743741035461
3.7,CUDA,版本,0.9973727464675903
3.7,11.1,版本,0.9973703622817993
3.7,MindSpore,版本,0.9973776340484619
CUDA,11.1,版本,0.9973817467689514
CUDA,版本,使用安装,0.9930777549743652
CUDA,MindSpore,工具安装,0.9931982159614563
11.1,MindSpore,版本,0.9973898530006409
版本,MindSpore,使用安装,0.9924331903457642
Python,CUDA,工具安装,0.8711069226264954
Python,MindSpore,工具安装,0.9493396282196045
Python,版本,使用安装,0.984000563621521
Python,3.9,版本,0.9973937273025513
Python,10.1,版本,0.9973909258842468
Python,1.6.0,版本,0.9974019527435303
CUDA,MindSpore,工具安装,0.9514171481132507
CUDA,版本,使用安装,0.9849362969398499
CUDA,3.9,版本,0.9973959922790527
CUDA,10.1,版本,0.9973922967910767
CUDA,1.6.0,版本,0.9974028468132019
MindSpore,版本,使用安装,0.9892411828041077
MindSpore,3.9,版本,0.997395396232605
MindSpore,10.1,版本,0.9973834156990051
MindSpore,1.6.0,版本,0.9973896145820618
版本,3.9,版本,0.9621638059616089
3.9,10.1,版本,0.9973682761192322
3.9,1.6.0,版本,0.997376561164856
10.1,1.6.0,版本,0.9973772764205933
MindSpore,依赖,使用安装,0.9933506846427917
MindSpore,GCC,工具安装,0.9931465983390808
MindSpore,gmp,工具安装,0.9931036829948425
依赖,GCC,使用安装,0.9933265447616577
依赖,gmp,使用安装,0.9933439493179321
GCC,gmp,工具安装,0.9930967688560486
CUDA,cuD,工具安装,0.9930467009544373
Conda,MindSpore,工具安装,0.9929332733154297
Conda,虚拟环境,使用安装,0.9857431054115295
MindSpore,虚拟环境,使用安装,0.9855958223342896
Conda,MindSpore GPU,工具安装,0.9930411577224731
Conda,版本,使用安装,0.99286288022995
MindSpore GPU,版本,使用安装,0.9924097061157227
OPENMPI,Open MPI,工具安装,0.9932030439376831
脚本,终端窗口,创建或使用关联,0.9895087480545044
脚本,环境变量,创建或使用关联,0.991344690322876
脚本,MindSpore,使用安装,0.9887561202049255
脚本,虚拟环境,创建或使用关联,0.9914101958274841
脚本,Python,使用安装,0.9913662075996399
脚本,版本,创建或使用关联,0.9889154434204102
脚本,3.7,版本,0.9421802759170532
脚本,命令,创建或使用关联,0.9848092198371887
终端窗口,环境变量,创建或使用关联,0.9915105700492859
终端窗口,MindSpore,使用安装,0.95586097240448
终端窗口,虚拟环境,创建或使用关联,0.9914982914924622
终端窗口,Python,使用安装,0.9898467659950256
终端窗口,版本,创建或使用关联,0.9898682832717896
终端窗口,3.7,版本,0.9607110619544983
终端窗口,命令,创建或使用关联,0.9892075657844543
环境变量,MindSpore,使用安装,0.8954815864562988
环境变量,虚拟环境,创建或使用关联,0.9914420247077942
环境变量,Python,使用安装,0.968505859375
环境变量,版本,创建或使用关联,0.9899507164955139
环境变量,3.7,版本,0.963110089302063
环境变量,命令,创建或使用关联,0.9903332591056824
MindSpore,Python,工具安装,0.9816221594810486
MindSpore,版本,使用安装,0.9664160013198853
MindSpore,3.7,版本,0.9973564147949219
MindSpore,命令,使用安装,0.9693368077278137
虚拟环境,Python,使用安装,0.9836736917495728
虚拟环境,版本,创建或使用关联,0.9898046255111694
虚拟环境,3.7,版本,0.9138244986534119
虚拟环境,命令,创建或使用关联,0.9903479814529419
Python,版本,使用安装,0.9885089993476868
Python,3.7,版本,0.9973734617233276
Python,命令,使用安装,0.9860242009162903
版本,3.7,版本,0.9178606271743774
版本,命令,创建或使用关联,0.9870589971542358
3.7,命令,版本,0.8952849507331848
虚拟环境,Python,使用安装,0.9930654764175415
虚拟环境,3.7,版本,0.9169121980667114
虚拟环境,命令,创建或使用关联,0.9909787178039551
Python,3.7,版本,0.9973623156547546
Python,命令,使用安装,0.9914280772209167
3.7,命令,版本,0.8894303441047668
MindSpore,系统环境,使用安装,0.9894931316375732
MindSpore,依赖,使用安装,0.9931558966636658
系统环境,依赖,创建或使用关联,0.9903483390808105
软件名称,版本,创建或使用关联,0.989840030670166
Ubuntu18.04,Mi,上面安装,0.9827290773391724
Ubuntu18.04,re,上面安装,0.9846257567405701
Mi,re,上面安装,0.957642674446106
CUDA,10.111.1,工具安装,0.9863467812538147
CUDA,MindSpore GPU,工具安装,0.9932131767272949
CUDA,计算架构,使用安装,0.9929682612419128
cuda,10.111.1,工具安装,0.9802085161209106
cuda,MindSpore GPU,工具安装,0.9930800795555115
cuda,计算架构,使用安装,0.9909504055976868
10.111.1,MindSpore GPU,工具安装,0.9908677339553833
10.111.1,计算架构,创建或使用关联,0.8792364001274109
MindSpore GPU,计算架构,使用安装,0.9933071732521057
cuDN,cudnn,工具安装,0.993087112903595
cuDN,7.6.x,版本,0.9973924160003662
cuDN,8.0.x,版本,0.9973918199539185
cuDN,MindSpore GPU,工具安装,0.9930307269096375
cuDN,速库,使用安装,0.9923878908157349
cudnn,7.6.x,版本,0.9973957538604736
cudnn,8.0.x,版本,0.9974035620689392
cudnn,MindSpore GPU,工具安装,0.9929214119911194
cudnn,速库,使用安装,0.9908909201622009
7.6.x,8.0.x,版本,0.9973706007003784
7.6.x,MindSpore GPU,版本,0.99739009141922
7.6.x,速库,版本,0.9790151119232178
8.0.x,MindSpore GPU,版本,0.9973920583724976
8.0.x,速库,版本,0.9819800853729248
MindSpore GPU,速库,使用安装,0.9930065870285034
Conda,Anaconda3,工具安装,0.9932374954223633
Conda,Miniconda3,工具安装,0.9932356476783752
Conda,Python,工具安装,0.9932494163513184
conda,Anaconda3,工具安装,0.993118166923523
conda,Miniconda3,工具安装,0.9931052327156067
conda,Python,工具安装,0.9931825995445251
Anaconda3,Miniconda3,工具安装,0.9932458996772766
Anaconda3,Python,工具安装,0.9932631850242615
Miniconda3,Python,工具安装,0.9932608008384705
GCC,gmp,工具安装,0.9929982423782349
GCC,7.3.0,版本,0.9973873496055603
GCC,9.4.0,版本,0.9973861575126648
GCC,MindSpore,工具安装,0.9931296706199646
GCC,C++,工具安装,0.9930514097213745
gcc,gmp,工具安装,0.9919816851615906
gcc,7.3.0,版本,0.9974018335342407
gcc,9.4.0,版本,0.9974094033241272
gcc,MindSpore,工具安装,0.9928265810012817
gcc,C++,工具安装,0.9926199316978455
gmp,7.3.0,版本,0.9973949193954468
gmp,9.4.0,版本,0.9973936080932617
gmp,MindSpore,工具安装,0.9930638670921326
gmp,C++,工具安装,0.9929473400115967
7.3.0,9.4.0,版本,0.9973867535591125
7.3.0,MindSpore,版本,0.9973952770233154
7.3.0,C++,版本,0.9973950386047363
9.4.0,MindSpore,版本,0.9974017143249512
9.4.0,C++,版本,0.9974011182785034
MindSpore,C++,工具安装,0.9930911064147949
gmp,gcc,工具安装,0.9928082227706909
gmp,6.1.2,版本,0.9973844885826111
gmp,MindSpore,工具安装,0.9930588006973267
gmp,多精度算术库,使用安装,0.9931613206863403
gcc,6.1.2,版本,0.997394323348999
gcc,MindSpore,工具安装,0.9929405450820923
gcc,多精度算术库,使用安装,0.9925999641418457
6.1.2,MindSpore,版本,0.9973973035812378
6.1.2,多精度算术库,版本,0.9342125058174133
MindSpore,多精度算术库,使用安装,0.9932647943496704
Open MPI,open-mpi,工具安装,0.9929091930389404
Open MPI,4.0.3,版本,0.9973911046981812
Open MPI,MindSpore,工具安装,0.9929982423782349
Open MPI,高性能消息传递库,使用安装,0.9932327270507812
Open MPI,单机多卡,使用安装,0.9933668971061707
Open MPI,多机多卡,使用安装,0.9932165741920471
open-mpi,4.0.3,版本,0.9973975419998169
open-mpi,MindSpore,工具安装,0.9928659200668335
open-mpi,高性能消息传递库,使用安装,0.992793083190918
open-mpi,单机多卡,使用安装,0.9929801821708679
open-mpi,多机多卡,使用安装,0.9930424690246582
4.0.3,MindSpore,版本,0.9974000453948975
4.0.3,高性能消息传递库,版本,0.9830348491668701
4.0.3,单机多卡,版本,0.9893286824226379
4.0.3,多机多卡,版本,0.9751700758934021
MindSpore,高性能消息传递库,使用安装,0.992706835269928
MindSpore,单机多卡,使用安装,0.9928773045539856
MindSpore,多机多卡,使用安装,0.9929084777832031
单机多卡,多机多卡,创建或使用关联,0.8521596193313599
TensorR,tensorrt,工具安装,0.9931341409683228
TensorR,7.2.2,版本,0.9973887801170349
TensorR,MindSpore,工具安装,0.992641270160675
TensorR,理SDK,工具安装,0.9920485615730286
TensorR,Servin,工具安装,0.9929267764091492
tensorrt,7.2.2,版本,0.9973863959312439
tensorrt,MindSpore,工具安装,0.9930476546287537
tensorrt,理SDK,工具安装,0.9928967356681824
tensorrt,Servin,工具安装,0.9924213290214539
7.2.2,MindSpore,版本,0.9973975419998169
7.2.2,理SDK,版本,0.997398853302002
7.2.2,Servin,版本,0.9974036812782288
MindSpore,理SDK,工具安装,0.9915868043899536
MindSpore,Servin,工具安装,0.9930958151817322
理SDK,Servin,工具安装,0.9929323196411133
MindSpore,GPU,工具安装,0.8620834946632385
MindSpore,CUDA,工具安装,0.8469312191009521
MindSpore,10.,版本,0.9970535039901733
MindSpore,https://developer.nvidia.com/cuda-toolkit-archive,使用参考,0.9134319424629211
MindSpore,https://docs.nvidia.com/cuda/cuda-installation-guide-linux/index.html,使用参考,0.8859912753105164
GPU,CUDA,工具安装,0.8281967043876648
GPU,10.,版本,0.9970397353172302
GPU,https://developer.nvidia.com/cuda-toolkit-archive,使用参考,0.9082887768745422
GPU,https://docs.nvidia.com/cuda/cuda-installation-guide-linux/index.html,使用参考,0.8815081715583801
CUDA,10.,版本,0.997056245803833
CUDA,https://developer.nvidia.com/cuda-toolkit-archive,使用参考,0.9025717973709106
CUDA,https://docs.nvidia.com/cuda/cuda-installation-guide-linux/index.html,使用参考,0.8771585822105408
10.,https://developer.nvidia.com/cuda-toolkit-archive,版本,0.8920119404792786
10.,https://docs.nvidia.com/cuda/cuda-installation-guide-linux/index.html,版本,0.8721770644187927
https://developer.nvidia.com/cuda-toolkit-archive,https://docs.nvidia.com/cuda/cuda-installation-guide-linux/index.html,使用参考,0.8496947288513184
CUDA,依赖,使用安装,0.9931949377059937
CUDA,命令,使用安装,0.9918597340583801
依赖,命令,创建或使用关联,0.9850834608078003
10,418.3,版本,0.9973537921905518
10,50.80.0,版本,0.9973034858703613
10,idia,版本,0.9955968260765076
10,CUDA,版本,0.9955322742462158
10,驱动,版本,0.8485854864120483
版本,418.3,版本,0.9815845489501953
版本,50.80.0,版本,0.9407572150230408
版本,idia,使用安装,0.9930945634841919
版本,CUDA,使用安装,0.9931053519248962
版本,驱动,创建或使用关联,0.9629300236701965
版本,系统,创建或使用关联,0.9478447437286377
418.3,50.80.0,版本,0.9973239898681641
418.3,idia,版本,0.997398853302002
418.3,CUDA,版本,0.9973756074905396
418.3,驱动,版本,0.9445906281471252
418.3,系统,版本,0.898120105266571
50.80.0,idia,版本,0.9973854422569275
50.80.0,CUDA,版本,0.9968885779380798
50.80.0,驱动,版本,0.8798897862434387
50.80.0,系统,版本,0.8080111742019653
idia,CUDA,工具安装,0.9109336733818054
idia,驱动,使用安装,0.9928145408630371
idia,系统,使用安装,0.9916858077049255
CUDA,驱动,使用安装,0.9921411275863647
CUDA,系统,使用安装,0.9907655715942383
驱动,系统,创建或使用关联,0.930196225643158
命令,CUDA,使用安装,0.9933122992515564
命令,11.1,版本,0.8281125426292419
CUDA,11.1,版本,0.9973775148391724
wget,"https://developer.download.nvidia.com/compute/cuda/11.1.1/local_installers/cuda_11.1.1_455.32.00_linux.run
",编译安装,0.9249695539474487
命令,CUDA,使用安装,0.9932992458343506
命令,10.1,版本,0.8598794937133789
CUDA,10.1,版本,0.9973528385162354
wget,"https://developer.download.nvidia.com/compute/cuda/10.1/Prod/local_installers/cuda_10.1.243_418.87.00_linux.run
",编译安装,0.9312604665756226
._418.87.,ux.run,使用参考,0.9095537662506104
CUDA,cuDN,工具安装,0.9770441651344299
CUDA,https://developer.nvidia.com/zh-cn/cudnn,使用参考,0.940140962600708
CUDA,10,版本,0.9972959160804749
CUDA,cuCUDA,工具安装,0.8797665238380432
CUDA,版本,使用安装,0.9858132004737854
CUDA,命令,使用安装,0.978984534740448
cuDN,https://developer.nvidia.com/zh-cn/cudnn,使用参考,0.9529569149017334
cuDN,10,版本,0.9972526431083679
cuDN,cuCUDA,工具安装,0.9561777710914612
cuDN,版本,使用安装,0.9896590113639832
cuDN,命令,使用安装,0.9831579923629761
https://developer.nvidia.com/zh-cn/cudnn,cuCUDA,使用参考,0.8915169835090637
https://developer.nvidia.com/zh-cn/cudnn,版本,详情参考,0.885050892829895
https://developer.nvidia.com/zh-cn/cudnn,命令,详情参考,0.9061564207077026
10,cuCUDA,版本,0.9966919422149658
10,版本,版本,0.9111478328704834
10,命令,版本,0.9292297959327698
cuCUDA,版本,使用安装,0.8829396963119507
cuCUDA,命令,使用安装,0.8607813119888306
sudo chmod a+r /usr/loca,"l/cuda-11.1/include/cudnn.h /usr/local/cuda-11.1/lib64/libcudnn*
",编译安装,0.9735861420631409
CUDA,版本,使用安装,0.9922399520874023
CUDA,路径,使用安装,0.9927477240562439
CUDA,命令,使用安装,0.9920827150344849
CUDA,/usr/local/cuda,使用参考,0.9669352173805237
版本,路径,创建或使用关联,0.9664955139160156
版本,命令,创建或使用关联,0.9661720395088196
版本,/usr/local/cuda,详情参考,0.9610220789909363
路径,命令,创建或使用关联,0.9625676870346069
路径,/usr/local/cuda,详情参考,0.9108035564422607
命令,/usr/local/cuda,详情参考,0.965218722820282
指令,Miniconda,使用安装,0.9933075308799744
cur,"https://mirrors.tuna.tsinghua.edu.cn/anaconda/miniconda/Miniconda3-py37_4.10.3-Linux-x86_64.sh
",编译安装,0.9684609174728394
Conda,清华源,使用安装,0.9928079843521118
Conda,https://mirrors.tuna.tsinghua.edu.cn/help/anaconda/,使用参考,0.9381293058395386
清华源,https://mirrors.tuna.tsinghua.edu.cn/help/anaconda/,详情参考,0.9896184802055359
GCC,"gmp
",工具安装,0.992133378982544
命令,GCC,使用安装,0.9932977557182312
命令,gmp,使用安装,0.9931650757789612
GCC,gmp,工具安装,0.9918729662895203
版本,GCC,使用安装,0.9932301044464111
版本,命令,创建或使用关联,0.988389253616333
GCC,命令,使用安装,0.9916061162948608
GCC,CUDA,工具安装,0.993104875087738
GCC,10.1,版本,0.9973861575126648
CUDA,10.1,版本,0.9973874688148499
命令,Open MPI,使用安装,0.9933308959007263
curl,"https://download.open-mpi.org/release/open-mpi/v4.0/openmpi-4.0.3.tar.gz
",编译安装,0.9376032948493958
CUDA,cuD,工具安装,0.8318786025047302
CUDA,https://developer.nvidia.com/nvidia-tensorrt-7x-download,使用参考,0.8463708162307739
CUDA,nsorR,工具安装,0.8429495096206665
CUDA,AR格,工具安装,0.8213961720466614
CUDA,.2.,版本,0.9973479509353638
CUDA,命令,使用安装,0.9796035885810852
cuD,TensorR,工具安装,0.8027830123901367
cuD,nsorR,工具安装,0.8676468133926392
cuD,AR格,工具安装,0.8946670889854431
cuD,.2.,版本,0.9972910284996033
cuD,untu-18.04.,上面安装,0.8518038988113403
cuD,命令,使用安装,0.9745513796806335
TensorR,nsorR,工具安装,0.8583726286888123
TensorR,AR格,工具安装,0.857299268245697
TensorR,.2.,版本,0.9972763657569885
TensorR,untu-18.04.,上面安装,0.8747681975364685
TensorR,命令,使用安装,0.9698243141174316
https://developer.nvidia.com/nvidia-tensorrt-7x-download,nsorR,使用参考,0.8825268149375916
https://developer.nvidia.com/nvidia-tensorrt-7x-download,.2.,版本,0.8994548320770264
https://developer.nvidia.com/nvidia-tensorrt-7x-download,8dnn8.0,使用参考,0.8463209271430969
https://developer.nvidia.com/nvidia-tensorrt-7x-download,命令,详情参考,0.9372404217720032
nsorR,.2.,版本,0.9973098039627075
nsorR,untu-18.04.,上面安装,0.8978069424629211
nsorR,命令,使用安装,0.9652783870697021
AR格,.2.,版本,0.9973311424255371
AR格,命令,使用安装,0.9755644798278809
.2.,untu-18.04.,版本,0.993129551410675
.2.,8dnn8.0,版本,0.9969520568847656
.2.,命令,版本,0.9560756683349609
untu-18.04.,8dnn8.0,上面安装,0.905224621295929
.2.,untu-18,版本,0.9966533780097961
.2.,.04.,版本,0.997334361076355
untu-18,.04.,版本,0.9965732097625732
cd TensorR,7.2.2.,版本,0.9941242337226868
Conda,虚拟环境,使用安装,0.9802055358886719
Python,版本,使用安装,0.9894866943359375
Python,Conda,工具安装,0.9932314157485962
Python,虚拟环境,使用安装,0.9694468379020691
版本,Conda,使用安装,0.9931169748306274
版本,虚拟环境,创建或使用关联,0.9913634061813354
Conda,虚拟环境,使用安装,0.9846808910369873
Python,3.7.5,版本,0.9973834156990051
Python,版本,使用安装,0.9921384453773499
3.7.5,版本,版本,0.8648318648338318
conda creat,"c conda-forge -n mindspore_py37 python=3.7.5 -y
",编译安装,0.9917258024215698
版本,Python,使用安装,0.9924880266189575
版本,命令,创建或使用关联,0.9822301864624023
版本,3.7,版本,0.9219304323196411
版本,3.8,版本,0.9137758016586304
版本,3.9,版本,0.9248316884040833
Python,命令,使用安装,0.9919780492782593
Python,3.7,版本,0.9973867535591125
Python,3.8,版本,0.9973793029785156
Python,3.9,版本,0.9973781108856201
命令,3.7,版本,0.959155797958374
命令,3.8,版本,0.956062912940979
命令,3.9,版本,0.9494026899337769
3.7,3.8,版本,0.997353196144104
3.7,3.9,版本,0.9973529577255249
3.8,3.9,版本,0.9973553419113159
Conda,虚拟环境,使用安装,0.9676093459129333
Conda,命令,使用安装,0.9894326329231262
Conda,MindSpore,工具安装,0.9859043955802917
Conda,版本,使用安装,0.9900239109992981
Conda,https://www.mindspore.cn/versions,使用参考,0.9165496826171875
Conda,mindspore-gpu,工具安装,0.9856444597244263
虚拟环境,命令,创建或使用关联,0.9843259453773499
虚拟环境,MindSpore,使用安装,0.9885596632957458
虚拟环境,版本,创建或使用关联,0.9815636873245239
虚拟环境,https://www.mindspore.cn/versions,详情参考,0.9874657988548279
虚拟环境,mindspore-gpu,使用安装,0.9781033992767334
命令,MindSpore,使用安装,0.9928843975067139
命令,版本,创建或使用关联,0.9800017476081848
命令,https://www.mindspore.cn/versions,详情参考,0.9871381521224976
命令,mindspore-gpu,使用安装,0.9870229363441467
MindSpore,版本,使用安装,0.9911665320396423
MindSpore,https://www.mindspore.cn/versions,使用参考,0.9136017560958862
MindSpore,mindspore-gpu,工具安装,0.9805011749267578
版本,https://www.mindspore.cn/versions,详情参考,0.9886942505836487
版本,mindspore-gpu,使用安装,0.9857320189476013
https://www.mindspore.cn/versions,mindspore-gpu,使用参考,0.9325798749923706
MindSpore,安装包,使用安装,0.8509342670440674
MindSpore,https://gitee.com/mindspore/mindspore/blob/r1.7/setup.py,使用参考,0.8760900497436523
MindSpore,ModelZoo,工具安装,0.9851227402687073
MindSpore,https://gitee.com/mindspore/models/tree/r1.7/,使用参考,0.9691688418388367
MindSpore,https://gitee.com/mindspore/mindspore/blob/r1.7/requirements.txt,使用参考,0.8978310823440552
安装包,https://gitee.com/mindspore/mindspore/blob/r1.7/setup.py,详情参考,0.988831102848053
安装包,ModelZoo,使用安装,0.9191285967826843
安装包,https://gitee.com/mindspore/models/tree/r1.7/,详情参考,0.9851882457733154
安装包,https://gitee.com/mindspore/mindspore/blob/r1.7/requirements.txt,详情参考,0.9888064861297607
依赖,https://gitee.com/mindspore/mindspore/blob/r1.7/setup.py,详情参考,0.988921046257019
依赖,https://gitee.com/mindspore/models/tree/r1.7/,详情参考,0.9839036464691162
依赖,https://gitee.com/mindspore/mindspore/blob/r1.7/requirements.txt,详情参考,0.9888024926185608
https://gitee.com/mindspore/mindspore/blob/r1.7/setup.py,ModelZoo,使用参考,0.8406226634979248
https://gitee.com/mindspore/mindspore/blob/r1.7/setup.py,https://gitee.com/mindspore/models/tree/r1.7/,使用参考,0.9645781517028809
https://gitee.com/mindspore/mindspore/blob/r1.7/setup.py,https://gitee.com/mindspore/mindspore/blob/r1.7/requirements.txt,使用参考,0.9009479880332947
ModelZoo,https://gitee.com/mindspore/models/tree/r1.7/,使用参考,0.9690826535224915
ModelZoo,https://gitee.com/mindspore/mindspore/blob/r1.7/requirements.txt,使用参考,0.8931710720062256
https://gitee.com/mindspore/models/tree/r1.7/,https://gitee.com/mindspore/mindspore/blob/r1.7/requirements.txt,使用参考,0.9365211129188538
MindSpore GPU,版本,使用安装,0.992790699005127
MindSpore GPU,路径,使用安装,0.9925474524497986
MindSpore GPU,环境变量,使用安装,0.9867545962333679
MindSpore GPU,CUDA,工具安装,0.9917396306991577
版本,路径,创建或使用关联,0.871446430683136
版本,环境变量,创建或使用关联,0.9780036211013794
版本,CUDA,使用安装,0.9929625391960144
路径,环境变量,创建或使用关联,0.9850078821182251
路径,CUDA,使用安装,0.993051290512085
环境变量,CUDA,使用安装,0.9931406378746033
CUDA,版本,使用安装,0.9922399520874023
CUDA,路径,使用安装,0.9927477240562439
CUDA,命令,使用安装,0.9920827150344849
CUDA,/usr/local/cuda,使用参考,0.9669352173805237
版本,路径,创建或使用关联,0.9664955139160156
版本,命令,创建或使用关联,0.9661720395088196
版本,/usr/local/cuda,详情参考,0.9610220789909363
路径,命令,创建或使用关联,0.9625676870346069
路径,/usr/local/cuda,详情参考,0.9108035564422607
命令,/usr/local/cuda,详情参考,0.965218722820282
MindSpore,version,工具安装,0.9924445748329163
MindSpore,版本,使用安装,0.9908835291862488
version,版本,使用安装,0.9850990772247314
mport,mpy,工具安装,0.9923591017723083
mindspore,poTensor,工具安装,0.9908376336097717
por,mindspore,工具安装,0.992493212223053
por,context,工具安装,0.9927132725715637
mindspore,context,工具安装,0.9926459789276123
Tensor,p.one,工具安装,0.9928820133209229
Tensor,one,工具安装,0.9930251836776733
pip方式,MindSpore CPU,安装,0.9910115003585815
pip方式,ndows,安装,0.9909799695014954
MindSpore CPU,版本,使用安装,0.983993411064148
MindSpore CPU,ndows,安装,0.95412677526474
版本,ndows,使用安装,0.9829431772232056
pip方式,MindSpore CPU,安装,0.9910835027694702
pip方式,版本,安装,0.8293430805206299
pip方式,Windows,安装,0.9911088943481445
pip方式,mindspore-cpu,安装,0.9909135103225708
pip方式,windows,安装,0.9911085367202759
MindSpore CPU,Windows,安装,0.9903625845909119
MindSpore CPU,mindspore-cpu,安装,0.9905266761779785
MindSpore CPU,windows,安装,0.9910145401954651
版本,Windows,使用安装,0.8948432803153992
Windows,mindspore-cpu,安装,0.9896742701530457
mindspore-cpu,windows,安装,0.9908021092414856
MindSpore,版本,使用安装,0.9925893545150757
版本,mindspore,使用安装,0.9913382530212402
https://gitee.com/mindspore/docs/blob/r1.7/install/mindspore_cpu_win_install_pip.md,https://mindspore-website.obs.cn-north-4.myhuaweicloud.com/website-images/r1.7/resource/_static/logo_source.png,使用参考,0.8413708806037903
CPU,pip方式,安装,0.9889323711395264
pip方式,MindSpore,安装,0.990393340587616
系统环境,Windows（CPU,使用安装,0.9919043183326721
系统环境,MindSpore,使用安装,0.9915914535522461
系统环境,https://gitee.com/lvmingfu,详情参考,0.9681097269058228
依赖,Windows（CPU,使用安装,0.9915887713432312
依赖,MindSpore,使用安装,0.9893060326576233
依赖,https://gitee.com/lvmingfu,详情参考,0.9553099274635315
社区,Windows（CPU,使用安装,0.9933069348335266
社区,源码编,使用安装,0.8235525488853455
社区,MindSpore,使用安装,0.9931665062904358
社区,https://gitee.com/lvmingfu,详情参考,0.9611830711364746
Windows（CPU,https://www.mindspore.cn/news/newschildren?id=364,使用安装,0.9912835359573364
Windows（CPU,https://gitee.com/lvmingfu,使用参考,0.9585513472557068
源码编,https://gitee.com/lvmingfu,使用参考,0.875818133354187
MindSpore,https://www.mindspore.cn/news/newschildren?id=364,使用安装,0.9903501868247986
MindSpore,https://gitee.com/lvmingfu,使用参考,0.9578865170478821
https://www.mindspore.cn/news/newschildren?id=364,https://gitee.com/lvmingfu,详情参考,0.9545634388923645
Windows,x86架构6,使用安装,0.991643488407135
Python,3.7,版本,0.9973875880241394
Python,3.9,版本,0.9973940849304199
Python,版本,使用安装,0.9925940632820129
3.7,3.9,版本,0.9973188042640686
3.7,版本,版本,0.8331155776977539
3.9,版本,版本,0.9381881952285767
Python,3.7.5,版本,0.9965452551841736
Python,https://www.python.org/ftp/python/3.7.5/python-3.7.5-amd64.exe,使用参考,0.9278368353843689
Python,https://mirrors.huaweicloud.com/python/3.7.5/python-3.7.5-amd64.exe,使用参考,0.9540078043937683
3.7.5,版本,版本,0.9793517589569092
版本,https://www.python.org/ftp/python/3.7.5/python-3.7.5-amd64.exe,详情参考,0.9446932673454285
版本,https://mirrors.huaweicloud.com/python/3.7.5/python-3.7.5-amd64.exe,详情参考,0.9497278332710266
https://www.python.org/ftp/python/3.7.5/python-3.7.5-amd64.exe,https://mirrors.huaweicloud.com/python/3.7.5/python-3.7.5-amd64.exe,使用参考,0.9389293789863586
Python,3.8.0,版本,0.9963371753692627
Python,https://www.python.org/ftp/python/3.8.0/python-3.8.0-amd64.exe,使用参考,0.9135869145393372
Python,https://mirrors.huaweicloud.com/python/3.8.0/python-3.8.0-amd64.exe,使用参考,0.9537820816040039
3.8.0,版本,版本,0.9769743084907532
3.8.0,https://mirrors.huaweicloud.com/python/3.8.0/python-3.8.0-amd64.exe,版本,0.8075957298278809
版本,https://www.python.org/ftp/python/3.8.0/python-3.8.0-amd64.exe,详情参考,0.9430792927742004
版本,https://mirrors.huaweicloud.com/python/3.8.0/python-3.8.0-amd64.exe,详情参考,0.9507492780685425
https://www.python.org/ftp/python/3.8.0/python-3.8.0-amd64.exe,https://mirrors.huaweicloud.com/python/3.8.0/python-3.8.0-amd64.exe,使用参考,0.9313744306564331
Python,3.9.0,版本,0.9965226650238037
Python,https://www.python.org/ftp/python/3.9.0/python-3.9.0-amd64.exe,使用参考,0.9172307252883911
Python,https://mirrors.huaweicloud.com/python/3.9.0/python-3.9.0-amd64.exe,使用参考,0.9539113640785217
3.9.0,版本,版本,0.9770788550376892
3.9.0,https://mirrors.huaweicloud.com/python/3.9.0/python-3.9.0-amd64.exe,版本,0.8067307472229004
版本,https://www.python.org/ftp/python/3.9.0/python-3.9.0-amd64.exe,详情参考,0.9515125751495361
版本,https://mirrors.huaweicloud.com/python/3.9.0/python-3.9.0-amd64.exe,详情参考,0.9529334306716919
https://www.python.org/ftp/python/3.9.0/python-3.9.0-amd64.exe,https://mirrors.huaweicloud.com/python/3.9.0/python-3.9.0-amd64.exe,使用参考,0.9323355555534363
Python,pip,上面安装,0.9302014708518982
Python,系统环境变量,使用安装,0.9390154480934143
pip,系统环境变量,使用安装,0.9576163291931152
Python,系统,使用安装,0.9811912178993225
Python,系统变量,使用安装,0.9090486168861389
Python,Path,上面安装,0.9862591028213501
Python,路径,使用安装,0.9837487936019897
系统,环境变量,创建或使用关联,0.9908444285392761
系统,系统变量,创建或使用关联,0.9903222918510437
系统,Path,使用安装,0.9476345777511597
系统,路径,创建或使用关联,0.9841205477714539
环境变量,系统变量,创建或使用关联,0.9911656975746155
环境变量,Path,使用安装,0.8176246881484985
环境变量,路径,创建或使用关联,0.990301251411438
系统变量,Path,使用安装,0.9506791234016418
系统变量,路径,创建或使用关联,0.9884322285652161
Path,路径,使用安装,0.9577480554580688
pip,python.exe,工具安装,0.8460713028907776
pip,路径,使用安装,0.990736186504364
pip,系统环境变量,使用安装,0.9622472524642944
python.exe,路径,使用安装,0.985908567905426
python.exe,系统环境变量,使用安装,0.9403086304664612
Python,路径,使用安装,0.9917222857475281
Python,系统环境变量,使用安装,0.9519201517105103
路径,系统环境变量,创建或使用关联,0.9911726117134094
版本,https://www.mindspore.cn/versions,详情参考,0.988817572593689
版本,MindSpore,使用安装,0.9926960468292236
版本,SHA-256,使用安装,0.9919814467430115
版本,1.7.0,版本,0.9300520420074463
版本,命令,创建或使用关联,0.9408705234527588
https://www.mindspore.cn/versions,MindSpore,使用参考,0.9458273649215698
https://www.mindspore.cn/versions,SHA-256,使用参考,0.956387996673584
https://www.mindspore.cn/versions,1.7.0,版本,0.831849217414856
https://www.mindspore.cn/versions,命令,详情参考,0.9824120402336121
MindSpore,SHA-256,工具安装,0.980280339717865
MindSpore,1.7.0,版本,0.9972981810569763
MindSpore,命令,使用安装,0.9908590912818909
SHA-256,1.7.0,版本,0.997286319732666
SHA-256,命令,使用安装,0.9901511669158936
1.7.0,命令,版本,0.9247611165046692
Python,版本,使用安装,0.993174135684967
Python,命令,使用安装,0.9918767213821411
Python,MindSpore,工具安装,0.9931442737579346
版本,命令,创建或使用关联,0.9861723780632019
版本,MindSpore,使用安装,0.9932752847671509
命令,MindSpore,使用安装,0.9932859539985657
Python,3.7,版本,0.997319757938385
pip,"SION:-=%-cp37-cp37m-win_amd64.whl --trusted-host ms-release.obs.cn-north-4.myhuaweicloud.com -i https://pypi.tuna.tsinghua.edu.cn/simple
",编译安装,0.8733348250389099
Python,3.8,版本,0.9973180890083313
pip,"RSION:-=%-cp38-cp38-win_amd64.whl --trusted-host ms-release.obs.cn-north-4.myhuaweicloud.com -i https://pypi.tuna.tsinghua.edu.cn/simple
",编译安装,0.8836186528205872
Python,3.9,版本,0.9973185658454895
pip,"VERSION:-=%-cp39-cp39-win_amd64.whl --trusted-host ms-release.obs.cn-north-4.myhuaweicloud.com -i https://pypi.tuna.tsinghua.edu.cn/simple
",编译安装,0.8836764693260193
whl,mindspore,工具安装,0.9856509566307068
whl,https://gitee.com/mindspore/mindspore/blob/r1.7/setup.py,使用参考,0.8397541046142578
whl,ModelZoo,工具安装,0.9882090091705322
whl,https://gitee.com/mindspore/models/tree/r1.7/,使用参考,0.9697989821434021
whl,https://gitee.com/mindspore/mindspore/blob/r1.7/requirements.txt,使用参考,0.8643019795417786
mindspore,https://gitee.com/mindspore/mindspore/blob/r1.7/setup.py,使用参考,0.854794442653656
mindspore,ModelZoo,工具安装,0.9845209717750549
mindspore,https://gitee.com/mindspore/models/tree/r1.7/,使用参考,0.9699034690856934
mindspore,https://gitee.com/mindspore/mindspore/blob/r1.7/requirements.txt,使用参考,0.8813996315002441
安装包,https://gitee.com/mindspore/mindspore/blob/r1.7/setup.py,详情参考,0.9890831708908081
安装包,ModelZoo,使用安装,0.8687397241592407
安装包,https://gitee.com/mindspore/models/tree/r1.7/,详情参考,0.9842200875282288
安装包,https://gitee.com/mindspore/mindspore/blob/r1.7/requirements.txt,详情参考,0.9890845417976379
依赖,https://gitee.com/mindspore/mindspore/blob/r1.7/setup.py,详情参考,0.9885220527648926
依赖,https://gitee.com/mindspore/models/tree/r1.7/,详情参考,0.9731921553611755
依赖,https://gitee.com/mindspore/mindspore/blob/r1.7/requirements.txt,详情参考,0.9883920550346375
https://gitee.com/mindspore/mindspore/blob/r1.7/setup.py,ModelZoo,使用参考,0.8585213422775269
https://gitee.com/mindspore/mindspore/blob/r1.7/setup.py,https://gitee.com/mindspore/models/tree/r1.7/,使用参考,0.9554560780525208
https://gitee.com/mindspore/mindspore/blob/r1.7/setup.py,https://gitee.com/mindspore/mindspore/blob/r1.7/requirements.txt,使用参考,0.8756096363067627
ModelZoo,https://gitee.com/mindspore/models/tree/r1.7/,使用参考,0.9674980044364929
ModelZoo,https://gitee.com/mindspore/mindspore/blob/r1.7/requirements.txt,使用参考,0.8705472350120544
https://gitee.com/mindspore/models/tree/r1.7/,https://gitee.com/mindspore/mindspore/blob/r1.7/requirements.txt,使用参考,0.9321420192718506
MindSpore,version,工具安装,0.9924445748329163
MindSpore,版本,使用安装,0.9908835291862488
version,版本,使用安装,0.9850990772247314
MindSpore,版本,使用安装,0.9920803904533386
MindSpore,版本,使用安装,0.9925768971443176
MindSpore,命令,使用安装,0.9912053942680359
版本,命令,创建或使用关联,0.9892376661300659
版本,1.5.0,版本,0.9814527034759521
pip方式,MindSpore,安装,0.9910249710083008
pip方式,CPU,安装,0.9910150170326233
pip方式,Nightly,安装,0.9909899234771729
MindSpore,CPU,安装,0.9282784461975098
MindSpore,Nightly,安装,0.9241949319839478
MindSpore,版本,使用安装,0.9673084020614624
CPU,Nightly,安装,0.9373286962509155
CPU,版本,使用安装,0.9398464560508728
Nightly,版本,使用安装,0.9777660369873047
pip方式,MindSpore,安装,0.9910895824432373
pip方式,CPU Nightly,安装,0.9910964965820312
pip方式,版本,安装,0.8219049572944641
pip方式,mindspore-cpu-nightly,安装,0.9910604357719421
MindSpore,CPU Nightly,安装,0.9905796647071838
MindSpore,mindspore-cpu-nightly,安装,0.9909089207649231
CPU Nightly,版本,使用安装,0.8882948756217957
CPU Nightly,mindspore-cpu-nightly,安装,0.9905714988708496
MindSpore,依赖,使用安装,0.9930973649024963
依赖,mindspore,使用安装,0.993323028087616
GCC,gmp,工具安装,0.9929106831550598
gmp,gcc,工具安装,0.9926924109458923
MindSpore,版本,使用安装,0.9925893545150757
版本,mindspore,使用安装,0.9913382530212402
https://gitee.com/mindspore/docs/blob/r1.7/install/mindspore_cpu_install_nightly.md,https://mindspore-website.obs.cn-north-4.myhuaweicloud.com/website-images/r1.7/resource/_static/logo_source.png,使用参考,0.8606665730476379
MindSpore,Nightly,工具安装,0.9842616319656372
MindSpore,版本,使用安装,0.987198531627655
MindSpore,用户,工具安装,0.8090012073516846
Nightly,版本,使用安装,0.9864796996116638
CPU,Linux,上面安装,0.9485113620758057
CPU,pip方式,安装,0.9878973960876465
Linux,pip方式,安装,0.8738307952880859
Linux,MindSpore Nightly,上面安装,0.9298143982887268
pip方式,MindSpore Nightly,安装,0.990413248538971
系统环境,Ubuntu,使用安装,0.9912722706794739
系统环境,CPU,使用安装,0.9915573596954346
系统环境,MindSpore,使用安装,0.9911054968833923
系统环境,https://gitee.com/damon0626,详情参考,0.9754157662391663
依赖,Ubuntu,使用安装,0.9908676147460938
依赖,CPU,使用安装,0.9910349249839783
依赖,MindSpore,使用安装,0.9883407354354858
依赖,https://gitee.com/damon0626,详情参考,0.966749370098114
社区,Ubuntu,使用安装,0.9932971596717834
社区,CPU,使用安装,0.9933223128318787
社区,源码编译,使用安装,0.8138302564620972
社区,MindSpore,使用安装,0.9930446743965149
社区,https://gitee.com/damon0626,详情参考,0.971433162689209
Ubuntu,https://www.mindspore.cn/news/newschildren?id=365,使用安装,0.9884706735610962
Ubuntu,https://gitee.com/damon0626,使用参考,0.9392615556716919
CPU,https://www.mindspore.cn/news/newschildren?id=365,使用安装,0.9897107481956482
CPU,https://gitee.com/damon0626,使用参考,0.9391939640045166
源码编译,MindSpore,上面安装,0.8180627226829529
源码编译,https://gitee.com/damon0626,使用参考,0.828413188457489
MindSpore,https://www.mindspore.cn/news/newschildren?id=365,使用安装,0.9878082871437073
MindSpore,https://gitee.com/damon0626,使用参考,0.9392915368080139
https://www.mindspore.cn/news/newschildren?id=365,https://gitee.com/damon0626,详情参考,0.9687304496765137
MindSpore,依赖,使用安装,0.9923861026763916
MindSpore,系统环境,使用安装,0.9894931316375732
MindSpore,依赖,使用安装,0.9931558966636658
系统环境,依赖,创建或使用关联,0.9903483390808105
Ubuntu,.0,上面安装,0.8824030756950378
Python,3.7,版本,0.9973846077919006
Python,3.9,版本,0.9973924160003662
Python,MindSpore,工具安装,0.9931024312973022
Python,依赖,使用安装,0.9923417568206787
Python,环境,使用安装,0.9899895191192627
python,3.7,版本,0.9973944425582886
python,3.9,版本,0.9974045157432556
python,MindSpore,工具安装,0.9929487705230713
python,依赖,使用安装,0.9820550084114075
python,环境,使用安装,0.9762617349624634
3.7,3.9,版本,0.9973587393760681
3.7,MindSpore,版本,0.9973986148834229
3.7,依赖,版本,0.9709843993186951
3.7,环境,版本,0.97185218334198
3.9,MindSpore,版本,0.9973937273025513
3.9,依赖,版本,0.9703439474105835
3.9,环境,版本,0.9711694121360779
MindSpore,依赖,使用安装,0.992510199546814
MindSpore,环境,使用安装,0.990301251411438
依赖,环境,创建或使用关联,0.9906358122825623
GCC,gmp,工具安装,0.9929982423782349
GCC,7.3.0,版本,0.9973873496055603
GCC,9.4.0,版本,0.9973861575126648
GCC,MindSpore,工具安装,0.9931296706199646
GCC,C++,工具安装,0.9930514097213745
gcc,gmp,工具安装,0.9919816851615906
gcc,7.3.0,版本,0.9974018335342407
gcc,9.4.0,版本,0.9974094033241272
gcc,MindSpore,工具安装,0.9928265810012817
gcc,C++,工具安装,0.9926199316978455
gmp,7.3.0,版本,0.9973949193954468
gmp,9.4.0,版本,0.9973936080932617
gmp,MindSpore,工具安装,0.9930638670921326
gmp,C++,工具安装,0.9929473400115967
7.3.0,9.4.0,版本,0.9973867535591125
7.3.0,MindSpore,版本,0.9973952770233154
7.3.0,C++,版本,0.9973950386047363
9.4.0,MindSpore,版本,0.9974017143249512
9.4.0,C++,版本,0.9974011182785034
MindSpore,C++,工具安装,0.9930911064147949
gmp,gcc,工具安装,0.9928082227706909
gmp,MindSpore,工具安装,0.9930588006973267
gmp,多精度算术库,使用安装,0.9931613206863403
gcc,MindSpore,工具安装,0.9929405450820923
gcc,多精度算术库,使用安装,0.9925999641418457
MindSpore,多精度算术库,使用安装,0.9932647943496704
Python,https://www.python.org/,使用参考,0.9561797380447388
Conda,Python,工具安装,0.9927653670310974
con,da3-py37_4.10.3-Linux-x86_64.sh,编译安装,0.9340868592262268
co,nda3/etc/prof,编译安装,0.9326432943344116
co,ile.d/conda.,使用参考,0.972156822681427
co,sh,工具安装,0.9913076758384705
nda3/etc/prof,ile.d/conda.,使用参考,0.9396578073501587
nda3/etc/prof,sh,编译安装,0.8874502182006836
ile.d/conda.,sh,使用参考,0.9722083210945129
Conda,清华源,使用安装,0.9928079843521118
Conda,https://mirrors.tuna.tsinghua.edu.cn/help/anaconda/,使用参考,0.9381293058395386
清华源,https://mirrors.tuna.tsinghua.edu.cn/help/anaconda/,详情参考,0.9896184802055359
虚拟环境,Python,使用安装,0.9909963607788086
虚拟环境,3.7.5,版本,0.9408048987388611
Python,3.7.5,版本,0.9973735809326172
conda,create,工具安装,0.9922245740890503
conda,pytho,工具安装,0.9924662709236145
conda,3.7.,版本,0.9973648190498352
create,pytho,工具安装,0.9922178983688354
create,3.7.,版本,0.9973582625389099
pytho,3.7.,版本,0.9973772764205933
APT,Python,安装,0.9549844264984131
Python,命令,使用安装,0.9919120073318481
python,py,工具安装,0.9423199892044067
python,"thon3.7-dev python3.7-distutils python3-pip -y
",编译安装,0.9373980164527893
py,"thon3.7-dev python3.7-distutils python3-pip -y
",编译安装,0.9220557808876038
python,https://repo.huaweicloud.com/repository/pypi/simple,使用参考,0.9698960781097412
nstalpip,https://repo.huaweicloud.com/repository/pypi/simple,使用参考,0.9501404166221619
pip,config set,工具安装,0.9717793464660645
pip,global.index,工具安装,0.9627467393875122
config set,global.index,工具安装,0.9681969881057739
Python,版本,使用安装,0.9928923845291138
Python,命令,使用安装,0.9923970103263855
Python,3.7,版本,0.9973835349082947
版本,命令,创建或使用关联,0.9861430525779724
命令,Python,使用安装,0.9932525753974915
命令,版本,创建或使用关联,0.9900118708610535
Python,版本,使用安装,0.9930456280708313
GCC,"gmp
",工具安装,0.992133378982544
命令,GCC,使用安装,0.9932977557182312
命令,gmp,使用安装,0.9931650757789612
GCC,gmp,工具安装,0.9918729662895203
版本,GCC,使用安装,0.9932301044464111
版本,命令,创建或使用关联,0.988389253616333
GCC,命令,使用安装,0.9916061162948608
命令,MindSpore,使用安装,0.9932705760002136
pip installhttps://py,"pi.tuna.tsinghua.edu.cn/simple
",编译安装,0.9663769602775574
whl,mindspore,工具安装,0.9800223112106323
whl,https://gitee.com/mindspore/mindspore/blob/r1.7/setup.py,使用参考,0.8586536049842834
whl,ModelZoo,工具安装,0.9869153499603271
whl,https://gitee.com/mindspore/models/tree/r1.7/,使用参考,0.9675371646881104
whl,https://gitee.com/mindspore/mindspore/blob/r1.7/requirements.txt,使用参考,0.8800773620605469
mindspore,https://gitee.com/mindspore/mindspore/blob/r1.7/setup.py,使用参考,0.8284145593643188
mindspore,ModelZoo,工具安装,0.9852802157402039
mindspore,https://gitee.com/mindspore/models/tree/r1.7/,使用参考,0.9695768356323242
mindspore,https://gitee.com/mindspore/mindspore/blob/r1.7/requirements.txt,使用参考,0.864882230758667
安装包,https://gitee.com/mindspore/mindspore/blob/r1.7/setup.py,详情参考,0.9887551069259644
安装包,ModelZoo,使用安装,0.8415986895561218
安装包,https://gitee.com/mindspore/models/tree/r1.7/,详情参考,0.977156400680542
安装包,https://gitee.com/mindspore/mindspore/blob/r1.7/requirements.txt,详情参考,0.9888744354248047
依赖,https://gitee.com/mindspore/mindspore/blob/r1.7/setup.py,详情参考,0.9884582161903381
依赖,https://gitee.com/mindspore/models/tree/r1.7/,详情参考,0.9816815257072449
依赖,https://gitee.com/mindspore/mindspore/blob/r1.7/requirements.txt,详情参考,0.9890538454055786
https://gitee.com/mindspore/mindspore/blob/r1.7/setup.py,ModelZoo,使用参考,0.896672785282135
https://gitee.com/mindspore/mindspore/blob/r1.7/setup.py,https://gitee.com/mindspore/models/tree/r1.7/,使用参考,0.9557470083236694
https://gitee.com/mindspore/mindspore/blob/r1.7/setup.py,https://gitee.com/mindspore/mindspore/blob/r1.7/requirements.txt,使用参考,0.9023281931877136
ModelZoo,https://gitee.com/mindspore/models/tree/r1.7/,使用参考,0.968097448348999
ModelZoo,https://gitee.com/mindspore/mindspore/blob/r1.7/requirements.txt,使用参考,0.8968804478645325
https://gitee.com/mindspore/models/tree/r1.7/,https://gitee.com/mindspore/mindspore/blob/r1.7/requirements.txt,使用参考,0.9126293659210205
pip,版本,使用安装,0.9907206296920776
pip,Nightly,工具安装,0.9899077415466309
pip,MindSpore,工具安装,0.9903249740600586
版本,Nightly,使用安装,0.9927287101745605
版本,MindSpore,使用安装,0.9927155375480652
Nightly,MindSpore,工具安装,0.9914689064025879
MindSpore,version,工具安装,0.9924445748329163
MindSpore,版本,使用安装,0.9908835291862488
version,版本,使用安装,0.9850990772247314
MindSpore,版本,使用安装,0.9920803904533386
MindSpore,版本,使用安装,0.9925768971443176
MindSpore,命令,使用安装,0.9912053942680359
版本,命令,创建或使用关联,0.9892376661300659
版本,1.6.0,版本,0.9814899563789368
源码编译方式,MindSpore Ascend,安装,0.9909993410110474
源码编译方式,910,版本,0.9931191205978394
MindSpore Ascend,910,版本,0.9973629117012024
源码编译方式,MindSpore Ascend,安装,0.9909642934799194
源码编译方式,91,安装,0.9904562830924988
源码编译方式,版本,安装,0.9220017790794373
源码编译方式,mindspore-ascend,安装,0.9909667372703552
源码编译方式,910,版本,0.9884598255157471
MindSpore Ascend,91,安装,0.9903979301452637
MindSpore Ascend,版本,使用安装,0.8263633847236633
MindSpore Ascend,mindspore-ascend,安装,0.9895122647285461
MindSpore Ascend,910,版本,0.9973617196083069
91,mindspore-ascend,安装,0.9907989501953125
91,910,版本,0.9942867159843445
版本,910,版本,0.8659871816635132
mindspore-ascend,910,版本,0.9973379969596863
wheel,setuptools,工具安装,0.9927036762237549
git gmp tclsh patch NUMA Flex,git-gmp-tclsh-patch-numa-flex,工具安装,0.992774486541748
Open MPI,open-mpi-,工具安装,0.9931366443634033
MindSpore,版本,使用安装,0.9925893545150757
版本,mindspore,使用安装,0.9913382530212402
https://gitee.com/mindspore/docs/blob/r1.7/install/mindspore_ascend_install_source.md,https://mindspore-website.obs.cn-north-4.myhuaweicloud.com/website-images/r1.7/resource/_static/logo_source.png,使用参考,0.8560704588890076
Ascend,910,版本,0.9973865151405334
Ascend,Linux,上面安装,0.9852386116981506
Ascend,MindSpore,上面安装,0.9498304128646851
910,Linux,版本,0.9948856234550476
910,源码编译方式,版本,0.9957477450370789
910,MindSpore,版本,0.997409999370575
Linux,MindSpore,上面安装,0.9769368767738342
源码编译方式,MindSpore,安装,0.9887257218360901
昇腾AI处理器配套软件包,EulerOS 2.8,上面安装,0.9897553324699402
昇腾AI处理器配套软件包,MindSpore,工具安装,0.8789843916893005
昇腾AI处理器配套软件包,环境,使用安装,0.986042320728302
昇腾AI处理器配套软件包,脚本,使用安装,0.9891360998153687
昇腾AI处理器配套软件包,https://gitee.com/mindspore/mindspore/raw/r1.7/scripts/install/euleros-ascend-source.sh,使用参考,0.936486542224884
昇腾AI处理器配套软件包,依赖,使用安装,0.9875041842460632
EulerOS 2.8,MindSpore,上面安装,0.9903523325920105
EulerOS 2.8,脚本,使用安装,0.8014492988586426
EulerOS 2.8,依赖,使用安装,0.8664695620536804
MindSpore,环境,使用安装,0.9893535375595093
MindSpore,脚本,使用安装,0.9919833540916443
MindSpore,https://gitee.com/mindspore/mindspore/raw/r1.7/scripts/install/euleros-ascend-source.sh,使用参考,0.8609182834625244
MindSpore,依赖,使用安装,0.9914385080337524
环境,https://gitee.com/mindspore/mindspore/raw/r1.7/scripts/install/euleros-ascend-source.sh,详情参考,0.9886847138404846
脚本,https://gitee.com/mindspore/mindspore/raw/r1.7/scripts/install/euleros-ascend-source.sh,详情参考,0.9887523055076599
https://gitee.com/mindspore/mindspore/raw/r1.7/scripts/install/euleros-ascend-source.sh,依赖,详情参考,0.9830573201179504
系统,Python,使用安装,0.989425778388977
系统,GCC,使用安装,0.9917435050010681
系统,环境,创建或使用关联,0.981040894985199
Ubuntu 18.04,CentOS 7.6,上面安装,0.9866207838058472
Ubuntu 18.04,OpenEuler 20.03,上面安装,0.9886940121650696
Ubuntu 18.04,KylinV10 SP1,上面安装,0.9896480441093445
Ubuntu 18.04,Python,上面安装,0.9902674555778503
Ubuntu 18.04,GCC,上面安装,0.9903920888900757
Ubuntu 18.04,环境,创建或使用关联,0.8563575744628906
CentOS 7.6,OpenEuler 20.03,上面安装,0.9880339503288269
CentOS 7.6,KylinV10 SP1,上面安装,0.9891318678855896
CentOS 7.6,Python,上面安装,0.9901112914085388
CentOS 7.6,GCC,上面安装,0.9902516603469849
CentOS 7.6,环境,创建或使用关联,0.8293910622596741
OpenEuler 20.03,KylinV10 SP1,上面安装,0.9892709255218506
OpenEuler 20.03,Python,上面安装,0.9905643463134766
OpenEuler 20.03,GCC,上面安装,0.9906071424484253
OpenEuler 20.03,环境,创建或使用关联,0.849539577960968
KylinV10 SP1,Python,上面安装,0.990326464176178
KylinV10 SP1,GCC,上面安装,0.9903096556663513
依赖,Python,使用安装,0.9891869425773621
依赖,GCC,使用安装,0.9905133247375488
依赖,环境,创建或使用关联,0.9537569284439087
Python,GCC,上面安装,0.9874405860900879
Python,环境,使用安装,0.9565799236297607
GCC,环境,使用安装,0.9827547669410706
脚本,昇腾AI处理器配套软件包,使用安装,0.9918145537376404
脚本,昇腾ai处理器配套软件包,使用安装,0.9915487170219421
系统,昇腾AI处理器配套软件包,使用安装,0.9910473227500916
系统,昇腾ai处理器配套软件包,使用安装,0.9908177852630615
命令,脚本,创建或使用关联,0.990298867225647
命令,环境,创建或使用关联,0.9906561970710754
命令,MindSpore,使用安装,0.992920458316803
命令,1.6.0,版本,0.8845019936561584
脚本,环境,创建或使用关联,0.9903886914253235
脚本,MindSpore,使用安装,0.9928786158561707
脚本,1.6.0,版本,0.9653316140174866
环境,MindSpore,使用安装,0.9917564392089844
环境,1.6.0,版本,0.8989697694778442
MindSpore,1.6.0,版本,0.9973777532577515
wget,"https://gitee.com/mindspore/mindspore/raw/r1.7/scripts/install/euleros-ascend-source.sh
",编译安装,0.9512801170349121
Python ,3.7,版本,0.997345507144928
Python,3.9,版本,0.9973827004432678
Python,依赖,使用安装,0.9932685494422913
Python,"Open MPI
",工具安装,0.9930817484855652
3.9,"Open MPI
",版本,0.997333288192749
MindSpore,依赖,使用安装,0.9932356476783752
MindSpore,GCC,工具安装,0.9932123422622681
MindSpore,CMake,工具安装,0.9932115077972412
依赖,GCC,使用安装,0.993401825428009
依赖,CMake,使用安装,0.9934046864509583
GCC,CMake,工具安装,0.9932140111923218
Python3,pip3,工具安装,0.9929429888725281
OPENMPI,Open MPI,工具安装,0.9932030439376831
脚本,终端窗口,创建或使用关联,0.9900133609771729
脚本,环境变量,创建或使用关联,0.9913066029548645
终端窗口,环境变量,创建或使用关联,0.9916350841522217
脚本,MindSpore,使用安装,0.9930304884910583
脚本,虚拟环境,创建或使用关联,0.991418719291687
脚本,Python,使用安装,0.9930174350738525
脚本,版本,创建或使用关联,0.9892467856407166
脚本,3.7,版本,0.9374644160270691
脚本,命令,创建或使用关联,0.9883816838264465
MindSpore,虚拟环境,使用安装,0.8988462686538696
MindSpore,Python,工具安装,0.9847571849822998
MindSpore,版本,使用安装,0.9848840236663818
MindSpore,3.7,版本,0.9972671270370483
MindSpore,命令,使用安装,0.9821198582649231
虚拟环境,Python,使用安装,0.9904223680496216
虚拟环境,版本,创建或使用关联,0.9899755120277405
虚拟环境,3.7,版本,0.8326594829559326
虚拟环境,命令,创建或使用关联,0.9902999401092529
Python,版本,使用安装,0.9909842014312744
Python,3.7,版本,0.9972726702690125
Python,命令,使用安装,0.9899849891662598
版本,3.7,版本,0.9324435591697693
版本,命令,创建或使用关联,0.9885517358779907
Python,3.7,版本,0.9973363280296326
Python,命令,使用安装,0.9906925559043884
Python,虚拟环境,使用安装,0.9734111428260803
3.7,命令,版本,0.8482497930526733
命令,虚拟环境,创建或使用关联,0.9916331768035889
源码,MindSpore,使用安装,0.9921165108680725
MindSpore,系统环境,使用安装,0.9890307784080505
MindSpore,依赖,使用安装,0.9932998418807983
系统环境,依赖,创建或使用关联,0.990562379360199
软件名称,版本,创建或使用关联,0.989840030670166
Ubuntu 18.04,CentOS 7.6,上面安装,0.9854873418807983
Ubuntu 18.04,EulerOS 2.8,上面安装,0.9858621954917908
Ubuntu 18.04,OpenEuler 20.03,上面安装,0.9871234893798828
Ubuntu 18.04,KylinV10 SP1,上面安装,0.9856505990028381
Ubuntu 18.04,编译运行M,上面安装,0.985270082950592
Ubuntu 18.04,re,上面安装,0.9908357858657837
CentOS 7.6,EulerOS 2.8,上面安装,0.9851189255714417
CentOS 7.6,OpenEuler 20.03,上面安装,0.9860858917236328
CentOS 7.6,KylinV10 SP1,上面安装,0.9847890138626099
CentOS 7.6,编译运行M,上面安装,0.9842169284820557
CentOS 7.6,re,上面安装,0.9907445311546326
EulerOS 2.8,OpenEuler 20.03,上面安装,0.9857693314552307
EulerOS 2.8,KylinV10 SP1,上面安装,0.9848783612251282
EulerOS 2.8,编译运行M,上面安装,0.9841790795326233
EulerOS 2.8,re,上面安装,0.9907712936401367
OpenEuler 20.03,KylinV10 SP1,上面安装,0.984751284122467
OpenEuler 20.03,编译运行M,上面安装,0.9841597676277161
OpenEuler 20.03,re,上面安装,0.991004467010498
KylinV10 SP1,编译运行M,上面安装,0.9837802052497864
KylinV10 SP1,re,上面安装,0.9907653331756592
编译运行M,re,上面安装,0.9836318492889404
Python,3.7-3.9,版本,0.99737548828125
Python,MindSpore,工具安装,0.9931024312973022
Python,依赖,使用安装,0.9923417568206787
Python,环境,使用安装,0.9899895191192627
python,3.7-3.9,版本,0.9973837733268738
python,MindSpore,工具安装,0.9929487705230713
python,依赖,使用安装,0.9820550084114075
python,环境,使用安装,0.9762617349624634
3.7-3.9,MindSpore,版本,0.9974057078361511
3.7-3.9,依赖,版本,0.9542754292488098
3.7-3.9,环境,版本,0.9495054483413696
MindSpore,依赖,使用安装,0.992510199546814
MindSpore,环境,使用安装,0.990301251411438
依赖,环境,创建或使用关联,0.9906358122825623
昇腾AI处理器配套软件包,MindSpore,工具安装,0.9930074214935303
昇腾AI处理器配套软件包,Ascend,工具安装,0.9929941296577454
昇腾AI处理器配套软件包,AI计算库,使用安装,0.9920139908790588
昇腾ai处理器配套软件包,MindSpore,工具安装,0.9930235147476196
昇腾ai处理器配套软件包,Ascend,工具安装,0.9930118918418884
昇腾ai处理器配套软件包,AI计算库,使用安装,0.9921414852142334
MindSpore,Ascend,工具安装,0.9930275082588196
MindSpore,AI计算库,使用安装,0.9922569990158081
Ascend,AI计算库,使用安装,0.9920958876609802
wheel,setuptools,工具安装,0.9927484393119812
wheel,0.32.0,版本,0.9973719120025635
wheel,MindSpore,工具安装,0.993099570274353
wheel,Python,工具安装,0.9930949807167053
setuptools,0.32.0,版本,0.9973775148391724
setuptools,MindSpore,工具安装,0.99289870262146
setuptools,Python,工具安装,0.9929023385047913
0.32.0,MindSpore,版本,0.9973666071891785
0.32.0,Python,版本,0.997367799282074
MindSpore,Python,工具安装,0.9930885434150696
setuptools,wheel,工具安装,0.9929853081703186
setuptools,44.0,版本,0.997092604637146
setuptools,MindSpore,工具安装,0.9928798079490662
setuptools,Python,工具安装,0.9928828477859497
wheel,44.0,版本,0.9973492622375488
wheel,MindSpore,工具安装,0.9931032657623291
wheel,Python,工具安装,0.9931020736694336
44.0,MindSpore,版本,0.9973849654197693
44.0,Python,版本,0.9973830580711365
MindSpore,Python,工具安装,0.9931511878967285
GCC,7.3.0,版本,0.9973946809768677
GCC,MindSpore,工具安装,0.993266224861145
GCC,C++,工具安装,0.9930533766746521
gcc,7.3.0,版本,0.9974061846733093
gcc,MindSpore,工具安装,0.992938756942749
gcc,C++,工具安装,0.9927202463150024
7.3.0,MindSpore,版本,0.9973961114883423
7.3.0,C++,版本,0.9973933696746826
MindSpore,C++,工具安装,0.9929960370063782
git,git-gmp-tclsh-patch-numa-flex,工具安装,0.9928245544433594
git,MindSpore,工具安装,0.9930341243743896
git,源代码,使用安装,0.9854540824890137
git-gmp-tclsh-patch-numa-flex,MindSpore,工具安装,0.9931001663208008
git-gmp-tclsh-patch-numa-flex,源代码,使用安装,0.9849552512168884
MindSpore,源代码,使用安装,0.9848874807357788
git-lfs,MindSpore,工具安装,0.9931091070175171
git-lfs,源代码,使用安装,0.9908751249313354
MindSpore,源代码,使用安装,0.9890778064727783
CMake,3.18.3,版本,0.9973770380020142
CMake,MindSpore,工具安装,0.9932647943496704
cmake,3.18.3,版本,0.9973844885826111
cmake,MindSpore,工具安装,0.9931647181510925
3.18.3,MindSpore,版本,0.9973844885826111
gmp,git-gmp-tclsh-patch-numa-flex,工具安装,0.9907675385475159
gmp,6.1.2,版本,0.9973857998847961
gmp,MindSpore,工具安装,0.9930335283279419
gmp,多精度算术库,使用安装,0.9925253391265869
git-gmp-tclsh-patch-numa-flex,6.1.2,版本,0.9973810315132141
git-gmp-tclsh-patch-numa-flex,MindSpore,工具安装,0.9930506944656372
git-gmp-tclsh-patch-numa-flex,多精度算术库,使用安装,0.9913827776908875
6.1.2,MindSpore,版本,0.9973871111869812
6.1.2,多精度算术库,版本,0.9577851295471191
MindSpore,多精度算术库,使用安装,0.9928410053253174
Flex,git-gmp-tclsh-patch-numa-flex,使用安装,0.9885728359222412
Flex,2.5.35,版本,0.9865025281906128
Flex,版本,使用安装,0.9910892248153687
Flex,MindSpore,使用安装,0.9932291507720947
Flex,词法分析器,使用安装,0.9872904419898987
git-gmp-tclsh-patch-numa-flex,2.5.35,版本,0.9933937191963196
git-gmp-tclsh-patch-numa-flex,版本,使用安装,0.8025528788566589
git-gmp-tclsh-patch-numa-flex,MindSpore,使用安装,0.9914191961288452
git-gmp-tclsh-patch-numa-flex,词法分析器,使用安装,0.9239318370819092
2.5.35,MindSpore,版本,0.9914278388023376
2.5.35,词法分析器,版本,0.8415029644966125
版本,MindSpore,使用安装,0.9783961176872253
版本,词法分析器,创建或使用关联,0.9861935973167419
MindSpore,词法分析器,使用安装,0.9790003895759583
tclsh,git-gmp-tclsh-patch-numa-flex,工具安装,0.9930184483528137
tclsh,MindSpore,工具安装,0.9929478168487549
tclsh,sqlite,工具安装,0.992997407913208
tclsh,依赖,使用安装,0.9926924109458923
git-gmp-tclsh-patch-numa-flex,MindSpore,工具安装,0.9930752515792847
git-gmp-tclsh-patch-numa-flex,sqlite,工具安装,0.9930636286735535
git-gmp-tclsh-patch-numa-flex,依赖,使用安装,0.993008017539978
MindSpore,sqlite,工具安装,0.9928011894226074
MindSpore,依赖,使用安装,0.9930046200752258
sqlite,依赖,使用安装,0.9927201271057129
patch,git-gmp-tclsh-patch-numa-flex,工具安装,0.9917365908622742
patch,2.5,版本,0.9973856806755066
patch,MindSpore,工具安装,0.9930459856987
patch,源代码,使用安装,0.9870097637176514
git-gmp-tclsh-patch-numa-flex,2.5,版本,0.9973800778388977
git-gmp-tclsh-patch-numa-flex,MindSpore,工具安装,0.9930818676948547
git-gmp-tclsh-patch-numa-flex,源代码,使用安装,0.9853193759918213
2.5,MindSpore,版本,0.997385561466217
